dataset,scene_id,sensor,acquisition_datetime_utc,acquisition_datetime_bangkok,cloud_cover_scene,cloud_cover_aoi,tide_station,tide_level,tide_datum,tide_status,source_url,source_license,crs,resolution_m,bands,local_path,file_size_bytes,sha256,selection_reason,qa_status,tide_source_url,tide_match_method,tide_match_gap_minutes,tide_prediction_qa
landsat,LT05_L2SP_129054_19871209_02_T1,landsat-5,1987-12-09T03:07:48.280025Z,1987-12-09T10:07:48.280025+07:00,74.0000,100.0000,,,,unmatched_no_bracket,https://planetarycomputer.microsoft.com/api/stac/v1/collections/landsat-c2-l2/items/LT05_L2SP_129054_19871209_02_T1,USGS Landsat - Public Domain / no restrictions on use,EPSG:32647,30,BLUE;GREEN;RED;NIR;SWIR1;QA_PIXEL,data/satellite/surat_thani_mvp/landsat/1987/LT05_L2SP_129054_19871209_02_T1/BLUE_30m.tif;data/satellite/surat_thani_mvp/landsat/1987/LT05_L2SP_129054_19871209_02_T1/GREEN_30m.tif;data/satellite/surat_thani_mvp/landsat/1987/LT05_L2SP_129054_19871209_02_T1/RED_30m.tif;data/satellite/surat_thani_mvp/landsat/1987/LT05_L2SP_129054_19871209_02_T1/NIR_30m.tif;data/satellite/surat_thani_mvp/landsat/1987/LT05_L2SP_129054_19871209_02_T1/SWIR1_30m.tif;data/satellite/surat_thani_mvp/landsat/1987/LT05_L2SP_129054_19871209_02_T1/QA_PIXEL_30m.tif,260050,BLUE_30m.tif:daa03d05d7fecb179cffd52884ae39cae8cc7d0f7eb3bca88dddd1d99bb4d57f;GREEN_30m.tif:4d9fb4c045b42f84344f09ecef69edea8544977fd554640220b9ff94307837d5;RED_30m.tif:874dd46d47aa882359881102a8f89601315a47a0e587be4f2ca520a591be22b0;NIR_30m.tif:50984d865053d4788f850f7e441adf7e8016c52564352d1dc3f7c8128c5d45b6;SWIR1_30m.tif:71f2e0891e7996d6146897ca1e5ca8b11ca13ba6037cfb621b8c378430142db3;QA_PIXEL_30m.tif:a680f1828601bedc1cf0bb80be96c265df3921573e8a72da0ca7886e0bbe49ef,provider=Microsoft Planetary Computer; yearly paginated STAC search; AOI coverage=1.000; dry/same-season preference; AOI bad-quality=100.00%,downloaded-pending-raster-validation,,,,
landsat,LT05_L2SP_129054_19871225_02_T1,landsat-5,1987-12-25T03:08:03.865038Z,1987-12-25T10:08:03.865038+07:00,18.0000,42.9333,,,,unmatched_no_bracket,https://planetarycomputer.microsoft.com/api/stac/v1/collections/landsat-c2-l2/items/LT05_L2SP_129054_19871225_02_T1,USGS Landsat - Public Domain / no restrictions on use,EPSG:32647,30,BLUE;GREEN;RED;NIR;SWIR1;QA_PIXEL,data/satellite/surat_thani_mvp/landsat/1987/LT05_L2SP_129054_19871225_02_T1/BLUE_30m.tif;data/satellite/surat_thani_mvp/landsat/1987/LT05_L2SP_129054_19871225_02_T1/GREEN_30m.tif;data/satellite/surat_thani_mvp/landsat/1987/LT05_L2SP_129054_19871225_02_T1/RED_30m.tif;data/satellite/surat_thani_mvp/landsat/1987/LT05_L2SP_129054_19871225_02_T1/NIR_30m.tif;data/satellite/surat_thani_mvp/landsat/1987/LT05_L2SP_129054_19871225_02_T1/SWIR1_30m.tif;data/satellite/surat_thani_mvp/landsat/1987/LT05_L2SP_129054_19871225_02_T1/QA_PIXEL_30m.tif,254185,BLUE_30m.tif:24ad7f7cc02059f36fa7dc1600bfae795c73e5468558146e44654f3fe9c62cf4;GREEN_30m.tif:d44daf355745f2a2a153f44e8c39a000a7a066b3891e439f26f3ce612b9229e3;RED_30m.tif:8baa21cdb7de64cf6394a6bff44c325ec613cdcccec13280b31488de667fae92;NIR_30m.tif:fbea7c55b890b09fad291f369d7672897472fb69441331b272752bd92e7a945f;SWIR1_30m.tif:5c034699e218678c222d7492f733f736c2f5644c75c3b4282d66eecb51190664;QA_PIXEL_30m.tif:4bea26c4f8ca9c8ecffe737547fb82b27472af77b7febab7b245554944b77a4b,provider=Microsoft Planetary Computer; yearly paginated STAC search; AOI coverage=1.000; dry/same-season preference; AOI bad-quality=42.93%,downloaded-pending-raster-validation,,,,
landsat,LT05_L2SP_129054_19900304_02_T1,landsat-5,1990-03-04T03:00:17.266013Z,1990-03-04T10:00:17.266013+07:00,2.0000,0.0000,,,,unmatched_no_bracket,https://planetarycomputer.microsoft.com/api/stac/v1/collections/landsat-c2-l2/items/LT05_L2SP_129054_19900304_02_T1,USGS Landsat - Public Domain / no restrictions on use,EPSG:32647,30,BLUE;GREEN;RED;NIR;SWIR1;QA_PIXEL,data/satellite/surat_thani_mvp/landsat/1990/LT05_L2SP_129054_19900304_02_T1/BLUE_30m.tif;data/satellite/surat_thani_mvp/landsat/1990/LT05_L2SP_129054_19900304_02_T1/GREEN_30m.tif;data/satellite/surat_thani_mvp/landsat/1990/LT05_L2SP_129054_19900304_02_T1/RED_30m.tif;data/satellite/surat_thani_mvp/landsat/1990/LT05_L2SP_129054_19900304_02_T1/NIR_30m.tif;data/satellite/surat_thani_mvp/landsat/1990/LT05_L2SP_129054_19900304_02_T1/SWIR1_30m.tif;data/satellite/surat_thani_mvp/landsat/1990/LT05_L2SP_129054_19900304_02_T1/QA_PIXEL_30m.tif,235382,BLUE_30m.tif:4f9decb91022e622d4c47d477cc2b9b05b8c2af0f364aab169e31b289318d300;GREEN_30m.tif:2a7349a881760ad93d52229966c45d18fab81bb400bc96e4e08c5c08412ea8d8;RED_30m.tif:b1d1087bfca32c69f32e06b0ac87295d1b0403483b0b8cfc4e9360fe76115526;NIR_30m.tif:c543ba2a744b4183080e72a9b6a24fb863e6bff1d562b327abc85f6e61b25899;SWIR1_30m.tif:f46a4f1027b9ae8b609e98f0d928ddb9643e8a47296ece7d03113bc86d499656;QA_PIXEL_30m.tif:4ee98c266db43149b68ff328c3186317fdc88ff424b2781cea5c1cadda9964e3,provider=Microsoft Planetary Computer; yearly paginated STAC search; AOI coverage=1.000; dry/same-season preference; AOI bad-quality=0.00%,downloaded-pending-raster-validation,,,,
landsat,LT05_L2SP_129054_19900405_02_T1,landsat-5,1990-04-05T02:59:24.123056Z,1990-04-05T09:59:24.123056+07:00,31.0000,2.4183,,,,unmatched_no_bracket,https://planetarycomputer.microsoft.com/api/stac/v1/collections/landsat-c2-l2/items/LT05_L2SP_129054_19900405_02_T1,USGS Landsat - Public Domain / no restrictions on use,EPSG:32647,30,BLUE;GREEN;RED;NIR;SWIR1;QA_PIXEL,data/satellite/surat_thani_mvp/landsat/1990/LT05_L2SP_129054_19900405_02_T1/BLUE_30m.tif;data/satellite/surat_thani_mvp/landsat/1990/LT05_L2SP_129054_19900405_02_T1/GREEN_30m.tif;data/satellite/surat_thani_mvp/landsat/1990/LT05_L2SP_129054_19900405_02_T1/RED_30m.tif;data/satellite/surat_thani_mvp/landsat/1990/LT05_L2SP_129054_19900405_02_T1/NIR_30m.tif;data/satellite/surat_thani_mvp/landsat/1990/LT05_L2SP_129054_19900405_02_T1/SWIR1_30m.tif;data/satellite/surat_thani_mvp/landsat/1990/LT05_L2SP_129054_19900405_02_T1/QA_PIXEL_30m.tif,229227,BLUE_30m.tif:5a0e7b18b1e45c42195ecfca3af7fbf7a45cfa10b916cc8c785f4d7888b1e195;GREEN_30m.tif:41dcedbc5ceb037ba045627eed3ab3bfc753657e541298122fc29d2aa8bfe2a9;RED_30m.tif:50f6a8b2853261e5fad02051ada5c6c69d6d70416dc742b2f3dcccdbe4c4e4b0;NIR_30m.tif:9607b64ff3af6ef4ff963fee8f1af42b45f05bdca14f3ef384326bf327438f69;SWIR1_30m.tif:d1ba850683b7f8bfa2c811b92d4171411cf2c5d4233a0935ba4fce9346c9240e;QA_PIXEL_30m.tif:ae9001e868fdb55cebee2b2aca2b00151af179556e671863231d946462fc14f6,provider=Microsoft Planetary Computer; yearly paginated STAC search; AOI coverage=1.000; dry/same-season preference; AOI bad-quality=2.42%,downloaded-pending-raster-validation,,,,
landsat,LT05_L2SP_129054_19901217_02_T1,landsat-5,1990-12-17T02:58:48.804069Z,1990-12-17T09:58:48.804069+07:00,61.0000,52.3673,,,,unmatched_no_bracket,https://planetarycomputer.microsoft.com/api/stac/v1/collections/landsat-c2-l2/items/LT05_L2SP_129054_19901217_02_T1,USGS Landsat - Public Domain / no restrictions on use,EPSG:32647,30,BLUE;GREEN;RED;NIR;SWIR1;QA_PIXEL,data/satellite/surat_thani_mvp/landsat/1990/LT05_L2SP_129054_19901217_02_T1/BLUE_30m.tif;data/satellite/surat_thani_mvp/landsat/1990/LT05_L2SP_129054_19901217_02_T1/GREEN_30m.tif;data/satellite/surat_thani_mvp/landsat/1990/LT05_L2SP_129054_19901217_02_T1/RED_30m.tif;data/satellite/surat_thani_mvp/landsat/1990/LT05_L2SP_129054_19901217_02_T1/NIR_30m.tif;data/satellite/surat_thani_mvp/landsat/1990/LT05_L2SP_129054_19901217_02_T1/SWIR1_30m.tif;data/satellite/surat_thani_mvp/landsat/1990/LT05_L2SP_129054_19901217_02_T1/QA_PIXEL_30m.tif,270756,BLUE_30m.tif:17b2cc2f9c1ca1df3c91326cb3542ccaf1bc46af44f32b6d60e273571f245ea2;GREEN_30m.tif:044c4744f7f25d8befd964e79b85941093bcc200e8f50431e97f156654229a40;RED_30m.tif:b6c4c30cf6bcb87be3529bf67f3fa7d580cfe1649b731778232977ae2868ab81;NIR_30m.tif:999bc14affe2b0e7d0284239f9313429902f9e689ad977ddfee7337fdc7b201a;SWIR1_30m.tif:5ec8710afdce5d3099c48f8962f7a44fafb39af7392ff297fcf062ee8ede336a;QA_PIXEL_30m.tif:0ac6a9a1bb37756db83ecb64b6fb84ca32758bc98edaf04b6e37fb8a117bd4f8,provider=Microsoft Planetary Computer; yearly paginated STAC search; AOI coverage=1.000; dry/same-season preference; AOI bad-quality=52.37%,downloaded-pending-raster-validation,,,,
landsat,LT05_L2SP_129054_20000212_02_T1,landsat-5,2000-02-12T03:13:22.967013Z,2000-02-12T10:13:22.967013+07:00,6.0000,36.0197,,,,unmatched_no_bracket,https://planetarycomputer.microsoft.com/api/stac/v1/collections/landsat-c2-l2/items/LT05_L2SP_129054_20000212_02_T1,USGS Landsat - Public Domain / no restrictions on use,EPSG:32647,30,BLUE;GREEN;RED;NIR;SWIR1;QA_PIXEL,data/satellite/surat_thani_mvp/landsat/2000/LT05_L2SP_129054_20000212_02_T1/BLUE_30m.tif;data/satellite/surat_thani_mvp/landsat/2000/LT05_L2SP_129054_20000212_02_T1/GREEN_30m.tif;data/satellite/surat_thani_mvp/landsat/2000/LT05_L2SP_129054_20000212_02_T1/RED_30m.tif;data/satellite/surat_thani_mvp/landsat/2000/LT05_L2SP_129054_20000212_02_T1/NIR_30m.tif;data/satellite/surat_thani_mvp/landsat/2000/LT05_L2SP_129054_20000212_02_T1/SWIR1_30m.tif;data/satellite/surat_thani_mvp/landsat/2000/LT05_L2SP_129054_20000212_02_T1/QA_PIXEL_30m.tif,242700,BLUE_30m.tif:7381c32167bb154ede1e701b47c68efad272caf759bdd576153be0fd85dfc162;GREEN_30m.tif:c0a0b4d2db00344cb2e89a74ab343e4f89d50cd2feaecb8c394ca80aa197492c;RED_30m.tif:30629032b589a381c7460cc124fc4191f09395e72768ad177095c329636b5732;NIR_30m.tif:b2305b8aa3cf604828a3bf67e66a3dae35409b48c5f4c34e6f9f34a3b5bddbde;SWIR1_30m.tif:15c592f3722ba3858faaff87f086cf624ebd33bddca8cd93f4316d7ff20b0d59;QA_PIXEL_30m.tif:8eea0c78d518eaf067a60855d9710394a7eb0e599d9904595d8c76963d895b53,provider=Microsoft Planetary Computer; yearly paginated STAC search; AOI coverage=1.000; dry/same-season preference; AOI bad-quality=36.02%,downloaded-pending-raster-validation,,,,
landsat,LE07_L2SP_129054_20001204_02_T1,landsat-7,2000-12-04T03:29:41.459282Z,2000-12-04T10:29:41.459282+07:00,7.0000,13.2306,,,,unmatched_no_bracket,https://planetarycomputer.microsoft.com/api/stac/v1/collections/landsat-c2-l2/items/LE07_L2SP_129054_20001204_02_T1,USGS Landsat - Public Domain / no restrictions on use,EPSG:32647,30,BLUE;GREEN;RED;NIR;SWIR1;QA_PIXEL,data/satellite/surat_thani_mvp/landsat/2000/LE07_L2SP_129054_20001204_02_T1/BLUE_30m.tif;data/satellite/surat_thani_mvp/landsat/2000/LE07_L2SP_129054_20001204_02_T1/GREEN_30m.tif;data/satellite/surat_thani_mvp/landsat/2000/LE07_L2SP_129054_20001204_02_T1/RED_30m.tif;data/satellite/surat_thani_mvp/landsat/2000/LE07_L2SP_129054_20001204_02_T1/NIR_30m.tif;data/satellite/surat_thani_mvp/landsat/2000/LE07_L2SP_129054_20001204_02_T1/SWIR1_30m.tif;data/satellite/surat_thani_mvp/landsat/2000/LE07_L2SP_129054_20001204_02_T1/QA_PIXEL_30m.tif,222496,BLUE_30m.tif:58d18e03d01029ecf628bd8395f80339708e270e8c4d6fa2effa43bc4e15e8fb;GREEN_30m.tif:6d536188d5dd905fb8f688a33a673918ee4e8f638e26f5d9346e49055c867c07;RED_30m.tif:30e6b599930604214114f188448f884c761bc50bd39927510531b851883260b8;NIR_30m.tif:4445c36e7e900975144a3af3423de7ffda5a32873949c3ac5f831c43c05f8ed5;SWIR1_30m.tif:d622ce3f9fba9bd5d8952a48584c658b046d2ccb659fc9c1a4cd5f37156d435e;QA_PIXEL_30m.tif:17005846201f318a3770d52b33d4c1149aac8a06b6dfdba5861699527e341bf9,provider=Microsoft Planetary Computer; yearly paginated STAC search; AOI coverage=1.000; dry/same-season preference; AOI bad-quality=13.23%,downloaded-pending-raster-validation,,,,
landsat,LT05_L2SP_129054_20001212_02_T1,landsat-5,2000-12-12T03:18:42.614019Z,2000-12-12T10:18:42.614019+07:00,13.0000,10.3911,,,,unmatched_no_bracket,https://planetarycomputer.microsoft.com/api/stac/v1/collections/landsat-c2-l2/items/LT05_L2SP_129054_20001212_02_T1,USGS Landsat - Public Domain / no restrictions on use,EPSG:32647,30,BLUE;GREEN;RED;NIR;SWIR1;QA_PIXEL,data/satellite/surat_thani_mvp/landsat/2000/LT05_L2SP_129054_20001212_02_T1/BLUE_30m.tif;data/satellite/surat_thani_mvp/landsat/2000/LT05_L2SP_129054_20001212_02_T1/GREEN_30m.tif;data/satellite/surat_thani_mvp/landsat/2000/LT05_L2SP_129054_20001212_02_T1/RED_30m.tif;data/satellite/surat_thani_mvp/landsat/2000/LT05_L2SP_129054_20001212_02_T1/NIR_30m.tif;data/satellite/surat_thani_mvp/landsat/2000/LT05_L2SP_129054_20001212_02_T1/SWIR1_30m.tif;data/satellite/surat_thani_mvp/landsat/2000/LT05_L2SP_129054_20001212_02_T1/QA_PIXEL_30m.tif,235552,BLUE_30m.tif:d96b2710566a932ed1dc747d468a4eab2061d532b3f27c925b51741262550eeb;GREEN_30m.tif:7bc4d7f310db1c05b40c98e61437221f6d3f7639d9b403d50921fa5de8ad40cd;RED_30m.tif:ac49b7b6c0a41172d80ee9b1aff1e24a7bac15ba8454ff41530cb23bee6fae24;NIR_30m.tif:9b98c4d096b74bf9a05070694ce94719b4ed7eb8fb5ec36335e8f1d46e1c0593;SWIR1_30m.tif:01d9b1048156789793ab0da2d8bbb77362768a58a341e7d085a61488f4e2f285;QA_PIXEL_30m.tif:6d1ab8f15bc7f7df337212e2b154bb46ec93fb395c4f827d239df8ad97a53682,provider=Microsoft Planetary Computer; yearly paginated STAC search; AOI coverage=1.000; dry/same-season preference; AOI bad-quality=10.39%,downloaded-pending-raster-validation,,,,
landsat,LT05_L2SP_129054_20090119_02_T1,landsat-5,2009-01-19T03:24:31.952019Z,2009-01-19T10:24:31.952019+07:00,32.0000,0.0000,,,,unmatched_no_bracket,https://planetarycomputer.microsoft.com/api/stac/v1/collections/landsat-c2-l2/items/LT05_L2SP_129054_20090119_02_T1,USGS Landsat - Public Domain / no restrictions on use,EPSG:32647,30,BLUE;GREEN;RED;NIR;SWIR1;QA_PIXEL,data/satellite/surat_thani_mvp/landsat/2009/LT05_L2SP_129054_20090119_02_T1/BLUE_30m.tif;data/satellite/surat_thani_mvp/landsat/2009/LT05_L2SP_129054_20090119_02_T1/GREEN_30m.tif;data/satellite/surat_thani_mvp/landsat/2009/LT05_L2SP_129054_20090119_02_T1/RED_30m.tif;data/satellite/surat_thani_mvp/landsat/2009/LT05_L2SP_129054_20090119_02_T1/NIR_30m.tif;data/satellite/surat_thani_mvp/landsat/2009/LT05_L2SP_129054_20090119_02_T1/SWIR1_30m.tif;data/satellite/surat_thani_mvp/landsat/2009/LT05_L2SP_129054_20090119_02_T1/QA_PIXEL_30m.tif,216653,BLUE_30m.tif:c2f6d3355bb60c68823f22bff3196403356828402ff16b8addc34b283faee0ec;GREEN_30m.tif:d6cdfd5d764b0ea918a4863b23b0321b2803867204863591982d2eeb00c972ca;RED_30m.tif:08046f0403ba20434f288f16837cd3820e4b52912a41bf98bf43e2103901621b;NIR_30m.tif:52fc810cb263ecbfb79946413be33d4c292391703f5008cf9eebcb77c75e3361;SWIR1_30m.tif:fb290d9fe426bdd4a4e84ba00c8e82804e3f2eb1efd26fc83da3615644caad52;QA_PIXEL_30m.tif:2384ab8223bedf595a3899f720c5413412052173d73aaa6c1a8cf52fc4e4d727,provider=Microsoft Planetary Computer; yearly paginated STAC search; AOI coverage=1.000; dry/same-season preference; AOI bad-quality=0.00%,downloaded-pending-raster-validation,,,,
landsat,LT05_L2SP_129054_20090220_02_T1,landsat-5,2009-02-20T03:25:21.473094Z,2009-02-20T10:25:21.473094+07:00,27.0000,0.0000,,,,unmatched_no_bracket,https://planetarycomputer.microsoft.com/api/stac/v1/collections/landsat-c2-l2/items/LT05_L2SP_129054_20090220_02_T1,USGS Landsat - Public Domain / no restrictions on use,EPSG:32647,30,BLUE;GREEN;RED;NIR;SWIR1;QA_PIXEL,data/satellite/surat_thani_mvp/landsat/2009/LT05_L2SP_129054_20090220_02_T1/BLUE_30m.tif;data/satellite/surat_thani_mvp/landsat/2009/LT05_L2SP_129054_20090220_02_T1/GREEN_30m.tif;data/satellite/surat_thani_mvp/landsat/2009/LT05_L2SP_129054_20090220_02_T1/RED_30m.tif;data/satellite/surat_thani_mvp/landsat/2009/LT05_L2SP_129054_20090220_02_T1/NIR_30m.tif;data/satellite/surat_thani_mvp/landsat/2009/LT05_L2SP_129054_20090220_02_T1/SWIR1_30m.tif;data/satellite/surat_thani_mvp/landsat/2009/LT05_L2SP_129054_20090220_02_T1/QA_PIXEL_30m.tif,235440,BLUE_30m.tif:42d0f4d4398a05fe9c0c08b37b6a59d5b503c313b88c062a93ae2229f61b4994;GREEN_30m.tif:6178ff98a58fd2b07f4963712c003dabc306357ac4c3434c1304f3029fa93b01;RED_30m.tif:860dd1f9228cfe8276896b781940c1606ed5c4ecdee331ffbdac4e756b1ddd83;NIR_30m.tif:bab85fc7e6fe4b9a7366da4e5fc694302d22f4bd0b13012119f7af55397e3469;SWIR1_30m.tif:db6fbce1d0b775c0be3b2e1e016cd36ee6ddc365b10b61fd0a9ff3d7ef88a2ad;QA_PIXEL_30m.tif:97cc8e27fb02abac3f9ae1f7ee34221e4e9f8cb2bd83772cb2d3e3e4148364ac,provider=Microsoft Planetary Computer; yearly paginated STAC search; AOI coverage=1.000; dry/same-season preference; AOI bad-quality=0.00%,downloaded-pending-raster-validation,,,,
landsat,LT05_L2SP_129054_20091205_02_T1,landsat-5,2009-12-05T03:29:53.286056Z,2009-12-05T10:29:53.286056+07:00,62.0000,11.1632,,,,unmatched_no_bracket,https://planetarycomputer.microsoft.com/api/stac/v1/collections/landsat-c2-l2/items/LT05_L2SP_129054_20091205_02_T1,USGS Landsat - Public Domain / no restrictions on use,EPSG:32647,30,BLUE;GREEN;RED;NIR;SWIR1;QA_PIXEL,data/satellite/surat_thani_mvp/landsat/2009/LT05_L2SP_129054_20091205_02_T1/BLUE_30m.tif;data/satellite/surat_thani_mvp/landsat/2009/LT05_L2SP_129054_20091205_02_T1/GREEN_30m.tif;data/satellite/surat_thani_mvp/landsat/2009/LT05_L2SP_129054_20091205_02_T1/RED_30m.tif;data/satellite/surat_thani_mvp/landsat/2009/LT05_L2SP_129054_20091205_02_T1/NIR_30m.tif;data/satellite/surat_thani_mvp/landsat/2009/LT05_L2SP_129054_20091205_02_T1/SWIR1_30m.tif;data/satellite/surat_thani_mvp/landsat/2009/LT05_L2SP_129054_20091205_02_T1/QA_PIXEL_30m.tif,225680,BLUE_30m.tif:3b523462574f7828fde4cce6e618aa3e1a7f9f498912d38a69632833a40da435;GREEN_30m.tif:b0f16f5eea550406375c21b558c52584b57a79542a6cd84db5f0f64dd78daf54;RED_30m.tif:cc72ca026d2b1b5d3d24c923420013f67df55e376dfd5775d53097bf9abfdd5b;NIR_30m.tif:5a7d8c4bfa4866b4a594f91dd7c49949676faa7a8a4f4e3ffa102d45b8827b46;SWIR1_30m.tif:2aa607c7b13dc04c20973a324ccd08b9b701a6ea7964cb7d33cd159fed26e68b;QA_PIXEL_30m.tif:3d91c7c3052e33b41c1aad03271c68ee54f670e1d60c1fb86e204a375b9eb412,provider=Microsoft Planetary Computer; yearly paginated STAC search; AOI coverage=1.000; dry/same-season preference; AOI bad-quality=11.16%,downloaded-pending-raster-validation,,,,
sentinel2,S2A_MSIL2A_20170226T033711_R061_T47PNL_20210208T171543,Sentinel-2A,2017-02-26T03:37:11.026000Z,2017-02-26T10:37:11.026000+07:00,31.0976,87.2724,,,,unmatched_no_bracket,https://planetarycomputer.microsoft.com/api/stac/v1/collections/sentinel-2-l2a/items/S2A_MSIL2A_20170226T033711_R061_T47PNL_20210208T171543,"Copernicus Sentinel Data Legal Notice - free, full and open access",EPSG:32647,10/20,B2;B3;B4;B8;B11;SCL,data/satellite/surat_thani_mvp/sentinel2/2017/S2A_MSIL2A_20170226T033711_R061_T47PNL_20210208T171543/B2_10m.tif;data/satellite/surat_thani_mvp/sentinel2/2017/S2A_MSIL2A_20170226T033711_R061_T47PNL_20210208T171543/B3_10m.tif;data/satellite/surat_thani_mvp/sentinel2/2017/S2A_MSIL2A_20170226T033711_R061_T47PNL_20210208T171543/B4_10m.tif;data/satellite/surat_thani_mvp/sentinel2/2017/S2A_MSIL2A_20170226T033711_R061_T47PNL_20210208T171543/B8_10m.tif;data/satellite/surat_thani_mvp/sentinel2/2017/S2A_MSIL2A_20170226T033711_R061_T47PNL_20210208T171543/B11_20m.tif;data/satellite/surat_thani_mvp/sentinel2/2017/S2A_MSIL2A_20170226T033711_R061_T47PNL_20210208T171543/SCL_20m.tif,2167265,B2_10m.tif:75242b681f7c88e52e8b0c2db3543c8d5f2b734a931d6b057e30a15c03cfb4bf;B3_10m.tif:8f7ee642e4d35d48f411ff8ca96d66340167592c11dd43fcb8ed76b184dbf9fc;B4_10m.tif:bcc875ee2804dca67fa22cf8905d15709810ced3ea61ec9eb3c5a342e6ebdefe;B8_10m.tif:a6b514aa82c9564a0d34a28f727cab3ac15e9d7b39e10a51e7d101efa01f9c03;B11_20m.tif:6c26724699312fa08f077adf86e7606fe01eacfd2e655ed00dc0d0802bb93311;SCL_20m.tif:9ecc59811ad708ec795880d39517402c2a4de23a6ffac539daec0f2bc7cc5c35,provider=Microsoft Planetary Computer; yearly paginated STAC search; AOI coverage=1.000; dry/same-season preference; AOI bad-quality=87.27%,downloaded-pending-raster-validation,,,,
sentinel2,S2A_MSIL2A_20170318T033531_R061_T47PNL_20210208T232716,Sentinel-2A,2017-03-18T03:35:31.026000Z,2017-03-18T10:35:31.026000+07:00,25.6850,4.8385,,,,unmatched_no_bracket,https://planetarycomputer.microsoft.com/api/stac/v1/collections/sentinel-2-l2a/items/S2A_MSIL2A_20170318T033531_R061_T47PNL_20210208T232716,"Copernicus Sentinel Data Legal Notice - free, full and open access",EPSG:32647,10/20,B2;B3;B4;B8;B11;SCL,data/satellite/surat_thani_mvp/sentinel2/2017/S2A_MSIL2A_20170318T033531_R061_T47PNL_20210208T232716/B2_10m.tif;data/satellite/surat_thani_mvp/sentinel2/2017/S2A_MSIL2A_20170318T033531_R061_T47PNL_20210208T232716/B3_10m.tif;data/satellite/surat_thani_mvp/sentinel2/2017/S2A_MSIL2A_20170318T033531_R061_T47PNL_20210208T232716/B4_10m.tif;data/satellite/surat_thani_mvp/sentinel2/2017/S2A_MSIL2A_20170318T033531_R061_T47PNL_20210208T232716/B8_10m.tif;data/satellite/surat_thani_mvp/sentinel2/2017/S2A_MSIL2A_20170318T033531_R061_T47PNL_20210208T232716/B11_20m.tif;data/satellite/surat_thani_mvp/sentinel2/2017/S2A_MSIL2A_20170318T033531_R061_T47PNL_20210208T232716/SCL_20m.tif,2070825,B2_10m.tif:c0dffcf958062e8c89f65e0a4c131252b7c001cffa20a7dbad5b5201497270a3;B3_10m.tif:84b2464d711fc99b3bc74baaffdf6fe36177acd6c946e4b0853f05078a7d2208;B4_10m.tif:94e13e62d551790914708e8f771bf20c953a2cb34c04105a55f0c3a94117a3b4;B8_10m.tif:b1cdc69d024aed814a592cd3af2f055600c29f899a94e3d980f1378e83368c72;B11_20m.tif:4d644fd4df7c728c673f7861636711374bf714ebdc97b85af4ee0111b24cde46;SCL_20m.tif:c171ada221f9b0c9af33051bd808877c2ce7ec690511c62615f8b233c0afcb1a,provider=Microsoft Planetary Computer; yearly paginated STAC search; AOI coverage=1.000; dry/same-season preference; AOI bad-quality=4.84%,downloaded-pending-raster-validation,,,,
sentinel2,S2A_MSIL2A_20170427T033541_R061_T47PNL_20210209T105916,Sentinel-2A,2017-04-27T03:35:41.026000Z,2017-04-27T10:35:41.026000+07:00,67.4931,59.4632,,,,unmatched_no_bracket,https://planetarycomputer.microsoft.com/api/stac/v1/collections/sentinel-2-l2a/items/S2A_MSIL2A_20170427T033541_R061_T47PNL_20210209T105916,"Copernicus Sentinel Data Legal Notice - free, full and open access",EPSG:32647,10/20,B2;B3;B4;B8;B11;SCL,data/satellite/surat_thani_mvp/sentinel2/2017/S2A_MSIL2A_20170427T033541_R061_T47PNL_20210209T105916/B2_10m.tif;data/satellite/surat_thani_mvp/sentinel2/2017/S2A_MSIL2A_20170427T033541_R061_T47PNL_20210209T105916/B3_10m.tif;data/satellite/surat_thani_mvp/sentinel2/2017/S2A_MSIL2A_20170427T033541_R061_T47PNL_20210209T105916/B4_10m.tif;data/satellite/surat_thani_mvp/sentinel2/2017/S2A_MSIL2A_20170427T033541_R061_T47PNL_20210209T105916/B8_10m.tif;data/satellite/surat_thani_mvp/sentinel2/2017/S2A_MSIL2A_20170427T033541_R061_T47PNL_20210209T105916/B11_20m.tif;data/satellite/surat_thani_mvp/sentinel2/2017/S2A_MSIL2A_20170427T033541_R061_T47PNL_20210209T105916/SCL_20m.tif,1982065,B2_10m.tif:34b94bd3662875dec5278ba96103948f915b3702d05e2dc804ac25c83acc7e4f;B3_10m.tif:16084772deb57112a28b41c9f693f4ce562009bc1e91da433ae37e7e102d3059;B4_10m.tif:0e3c0b1598306ad75763c08350409f4efe6649a516767fee338b999a55a61f8e;B8_10m.tif:c4180d1ecf3146bd977d02a0a9807c6ae2d89e6f24141800b577dd03cc6afe7a;B11_20m.tif:b799f2b1167d49388082582be6bcb67814f39b00c128ba5cedefa50719efe08b;SCL_20m.tif:bab58258d2331c4cf97367062376bcdf48fef267fadbdddf0e9e17d822469021,provider=Microsoft Planetary Computer; yearly paginated STAC search; AOI coverage=1.000; dry/same-season preference; AOI bad-quality=59.46%,downloaded-pending-raster-validation,,,,
sentinel2,S2A_MSIL2A_20180201T033951_R061_T47PNL_20201013T174450,Sentinel-2A,2018-02-01T03:39:51.026000Z,2018-02-01T10:39:51.026000+07:00,14.5026,0.0948,,,,unmatched_no_bracket,https://planetarycomputer.microsoft.com/api/stac/v1/collections/sentinel-2-l2a/items/S2A_MSIL2A_20180201T033951_R061_T47PNL_20201013T174450,"Copernicus Sentinel Data Legal Notice - free, full and open access",EPSG:32647,10/20,B2;B3;B4;B8;B11;SCL,data/satellite/surat_thani_mvp/sentinel2/2018/S2A_MSIL2A_20180201T033951_R061_T47PNL_20201013T174450/B2_10m.tif;data/satellite/surat_thani_mvp/sentinel2/2018/S2A_MSIL2A_20180201T033951_R061_T47PNL_20201013T174450/B3_10m.tif;data/satellite/surat_thani_mvp/sentinel2/2018/S2A_MSIL2A_20180201T033951_R061_T47PNL_20201013T174450/B4_10m.tif;data/satellite/surat_thani_mvp/sentinel2/2018/S2A_MSIL2A_20180201T033951_R061_T47PNL_20201013T174450/B8_10m.tif;data/satellite/surat_thani_mvp/sentinel2/2018/S2A_MSIL2A_20180201T033951_R061_T47PNL_20201013T174450/B11_20m.tif;data/satellite/surat_thani_mvp/sentinel2/2018/S2A_MSIL2A_20180201T033951_R061_T47PNL_20201013T174450/SCL_20m.tif,1978298,B2_10m.tif:4bcea5807e47c997875079161febb4cb48bc955274ccbc02469fac6fe2f8a2a9;B3_10m.tif:6718668528bb77a80a122737a8f526f32e5d40e97f87cb3a455204a5e961a6e3;B4_10m.tif:55064497e6a19c263bc3a436d1d1beffb3b6f3f2aac8b208041136040156e3c6;B8_10m.tif:107b014cb6b3beba6539d2a6e7d941bfd54e6d8ea3437ef05ccda6067e5c92a2;B11_20m.tif:ce1166f0088e9120dc9cbf0a4f74030799af1780a3dab26c14ce7cb91a5129b5;SCL_20m.tif:d3b32c4223f7a217903194064c1bd07d082012c29899edf15603f27fe3c3667b,provider=Microsoft Planetary Computer; yearly paginated STAC search; AOI coverage=1.000; dry/same-season preference; AOI bad-quality=0.09%,downloaded-pending-raster-validation,,,,
sentinel2,S2B_MSIL2A_20180226T033709_R061_T47PNL_20201104T151958,Sentinel-2B,2018-02-26T03:37:09.027000Z,2018-02-26T10:37:09.027000+07:00,21.2079,0.5988,,,,unmatched_no_bracket,https://planetarycomputer.microsoft.com/api/stac/v1/collections/sentinel-2-l2a/items/S2B_MSIL2A_20180226T033709_R061_T47PNL_20201104T151958,"Copernicus Sentinel Data Legal Notice - free, full and open access",EPSG:32647,10/20,B2;B3;B4;B8;B11;SCL,data/satellite/surat_thani_mvp/sentinel2/2018/S2B_MSIL2A_20180226T033709_R061_T47PNL_20201104T151958/B2_10m.tif;data/satellite/surat_thani_mvp/sentinel2/2018/S2B_MSIL2A_20180226T033709_R061_T47PNL_20201104T151958/B3_10m.tif;data/satellite/surat_thani_mvp/sentinel2/2018/S2B_MSIL2A_20180226T033709_R061_T47PNL_20201104T151958/B4_10m.tif;data/satellite/surat_thani_mvp/sentinel2/2018/S2B_MSIL2A_20180226T033709_R061_T47PNL_20201104T151958/B8_10m.tif;data/satellite/surat_thani_mvp/sentinel2/2018/S2B_MSIL2A_20180226T033709_R061_T47PNL_20201104T151958/B11_20m.tif;data/satellite/surat_thani_mvp/sentinel2/2018/S2B_MSIL2A_20180226T033709_R061_T47PNL_20201104T151958/SCL_20m.tif,1955624,B2_10m.tif:93490099fbad240655ee02a74f283acacd4278d9c5df009517b91113db138f1b;B3_10m.tif:df454bc9cc4aaa04b9eee02e2ed8ff4acd6ec429986dd9ea23833d28a1f34158;B4_10m.tif:fe346c996d46347431ec395c738cbca35711ed1aa40b36aea3d7f5b8f4253a04;B8_10m.tif:272717bd4ecf899ab9ecdc1cbe89be24e909a989ede117629e1bbcdb44879ba3;B11_20m.tif:448925556eb3ad0521a8c9367d9c070ab72a7d6e0fdbe45e144cce8a52b88fdd;SCL_20m.tif:6dcdf9bae571d4ef4b61c424e7b26bf507f366d842156e0fb86ce049fdaef485,provider=Microsoft Planetary Computer; yearly paginated STAC search; AOI coverage=1.000; dry/same-season preference; AOI bad-quality=0.60%,downloaded-pending-raster-validation,,,,
sentinel2,S2B_MSIL2A_20180328T033739_R061_T47PNL_20201013T153849,Sentinel-2B,2018-03-28T03:37:39.027000Z,2018-03-28T10:37:39.027000+07:00,17.9940,0.0014,,,,unmatched_no_bracket,https://planetarycomputer.microsoft.com/api/stac/v1/collections/sentinel-2-l2a/items/S2B_MSIL2A_20180328T033739_R061_T47PNL_20201013T153849,"Copernicus Sentinel Data Legal Notice - free, full and open access",EPSG:32647,10/20,B2;B3;B4;B8;B11;SCL,data/satellite/surat_thani_mvp/sentinel2/2018/S2B_MSIL2A_20180328T033739_R061_T47PNL_20201013T153849/B2_10m.tif;data/satellite/surat_thani_mvp/sentinel2/2018/S2B_MSIL2A_20180328T033739_R061_T47PNL_20201013T153849/B3_10m.tif;data/satellite/surat_thani_mvp/sentinel2/2018/S2B_MSIL2A_20180328T033739_R061_T47PNL_20201013T153849/B4_10m.tif;data/satellite/surat_thani_mvp/sentinel2/2018/S2B_MSIL2A_20180328T033739_R061_T47PNL_20201013T153849/B8_10m.tif;data/satellite/surat_thani_mvp/sentinel2/2018/S2B_MSIL2A_20180328T033739_R061_T47PNL_20201013T153849/B11_20m.tif;data/satellite/surat_thani_mvp/sentinel2/2018/S2B_MSIL2A_20180328T033739_R061_T47PNL_20201013T153849/SCL_20m.tif,1965117,B2_10m.tif:d46faad6eafed5c6dd2934c3df842f0deef5367031b5bf809d87d9bd949761ee;B3_10m.tif:7b35f98dcf74c84f4abf62b87c9fb24681f14129903ed6dd9f513bbbb6361681;B4_10m.tif:53317cba37e5943668110cfcea9549b8e8fb33f48e8d9b53259150b8a46643e8;B8_10m.tif:047b4c8fb412b6f513a133946d1ec7ef350a0cb5a08f3c287f467ef4d2ef37ed;B11_20m.tif:2c85d851bc461f8ca8a9b72528d2b560f3a250027b4cf0f1c61179a0f07cafcf;SCL_20m.tif:0efb95844b7f8a4af79e4f26bfadad7ba9e0869665b27eadc635fe82d28a6666,provider=Microsoft Planetary Computer; yearly paginated STAC search; AOI coverage=1.000; dry/same-season preference; AOI bad-quality=0.00%,downloaded-pending-raster-validation,,,,
sentinel2,S2B_MSIL2A_20190211T033859_R061_T47PNL_20201007T155504,Sentinel-2B,2019-02-11T03:38:59.024000Z,2019-02-11T10:38:59.024000+07:00,2.4322,0.0000,,,,unmatched_no_bracket,https://planetarycomputer.microsoft.com/api/stac/v1/collections/sentinel-2-l2a/items/S2B_MSIL2A_20190211T033859_R061_T47PNL_20201007T155504,"Copernicus Sentinel Data Legal Notice - free, full and open access",EPSG:32647,10/20,B2;B3;B4;B8;B11;SCL,data/satellite/surat_thani_mvp/sentinel2/2019/S2B_MSIL2A_20190211T033859_R061_T47PNL_20201007T155504/B2_10m.tif;data/satellite/surat_thani_mvp/sentinel2/2019/S2B_MSIL2A_20190211T033859_R061_T47PNL_20201007T155504/B3_10m.tif;data/satellite/surat_thani_mvp/sentinel2/2019/S2B_MSIL2A_20190211T033859_R061_T47PNL_20201007T155504/B4_10m.tif;data/satellite/surat_thani_mvp/sentinel2/2019/S2B_MSIL2A_20190211T033859_R061_T47PNL_20201007T155504/B8_10m.tif;data/satellite/surat_thani_mvp/sentinel2/2019/S2B_MSIL2A_20190211T033859_R061_T47PNL_20201007T155504/B11_20m.tif;data/satellite/surat_thani_mvp/sentinel2/2019/S2B_MSIL2A_20190211T033859_R061_T47PNL_20201007T155504/SCL_20m.tif,2006458,B2_10m.tif:71413002f25d712cc3ce7ebcf80e6672e3a4e3dde52732e25347c5e025337dbd;B3_10m.tif:616dd601e92fda066c459ac92dbf49a9188ba3b24ef8d0117234d207583694af;B4_10m.tif:9ed4af061f5dfbd5d51fa215cc752c62a7f4e3a3fefb8fd2434e18834cc46122;B8_10m.tif:c31eb1afd89232e871bae9f4a21f19b182cef97e450e868bf5b1e49974eede8b;B11_20m.tif:179072673ff41fa29e6a6fced7f1eaf771535ca6acb15e3ef39e7853f2d7c457;SCL_20m.tif:0f7e964ef9e7b13417e1e021b8c6b7e20ff7ea6f70e3d1f782bbaf209bb09cdc,provider=Microsoft Planetary Computer; yearly paginated STAC search; AOI coverage=1.000; dry/same-season preference; AOI bad-quality=0.00%,downloaded-pending-raster-validation,,,,
sentinel2,S2B_MSIL2A_20190323T033719_R061_T47PNL_20201007T094740,Sentinel-2B,2019-03-23T03:37:19.024000Z,2019-03-23T10:37:19.024000+07:00,0.1087,0.0000,,,,unmatched_no_bracket,https://planetarycomputer.microsoft.com/api/stac/v1/collections/sentinel-2-l2a/items/S2B_MSIL2A_20190323T033719_R061_T47PNL_20201007T094740,"Copernicus Sentinel Data Legal Notice - free, full and open access",EPSG:32647,10/20,B2;B3;B4;B8;B11;SCL,data/satellite/surat_thani_mvp/sentinel2/2019/S2B_MSIL2A_20190323T033719_R061_T47PNL_20201007T094740/B2_10m.tif;data/satellite/surat_thani_mvp/sentinel2/2019/S2B_MSIL2A_20190323T033719_R061_T47PNL_20201007T094740/B3_10m.tif;data/satellite/surat_thani_mvp/sentinel2/2019/S2B_MSIL2A_20190323T033719_R061_T47PNL_20201007T094740/B4_10m.tif;data/satellite/surat_thani_mvp/sentinel2/2019/S2B_MSIL2A_20190323T033719_R061_T47PNL_20201007T094740/B8_10m.tif;data/satellite/surat_thani_mvp/sentinel2/2019/S2B_MSIL2A_20190323T033719_R061_T47PNL_20201007T094740/B11_20m.tif;data/satellite/surat_thani_mvp/sentinel2/2019/S2B_MSIL2A_20190323T033719_R061_T47PNL_20201007T094740/SCL_20m.tif,1982096,B2_10m.tif:4ddc4367fcbadd954eae6d88300569efc21753fd2f8452e23a0585ca037a65a1;B3_10m.tif:73a66e91088a7fb8607986f53ebff1434c1ff14e7e7fbf2facb72f260924c901;B4_10m.tif:a7ab40c1cb67a9577a995ebbad60ba917288aea3fab2807c68e76e634c75c366;B8_10m.tif:8e06df004ebb497bba06e32dd1ae88ee51919a0d7c02bf479a65f0ff7412edc0;B11_20m.tif:58bc752e8a2e6755d2f0426e06ae03b12038598e02e7d78240ff31de544c76e0;SCL_20m.tif:82863f4fd8f5e8f372aaf9f584d002ce3f0a57c775ea052b955d1bfdf28cc23f,provider=Microsoft Planetary Computer; yearly paginated STAC search; AOI coverage=1.000; dry/same-season preference; AOI bad-quality=0.00%,downloaded-pending-raster-validation,,,,
sentinel2,S2A_MSIL2A_20190417T033541_R061_T47PNL_20201007T030425,Sentinel-2A,2019-04-17T03:35:41.024000Z,2019-04-17T10:35:41.024000+07:00,3.7883,0.1118,,,,unmatched_no_bracket,https://planetarycomputer.microsoft.com/api/stac/v1/collections/sentinel-2-l2a/items/S2A_MSIL2A_20190417T033541_R061_T47PNL_20201007T030425,"Copernicus Sentinel Data Legal Notice - free, full and open access",EPSG:32647,10/20,B2;B3;B4;B8;B11;SCL,data/satellite/surat_thani_mvp/sentinel2/2019/S2A_MSIL2A_20190417T033541_R061_T47PNL_20201007T030425/B2_10m.tif;data/satellite/surat_thani_mvp/sentinel2/2019/S2A_MSIL2A_20190417T033541_R061_T47PNL_20201007T030425/B3_10m.tif;data/satellite/surat_thani_mvp/sentinel2/2019/S2A_MSIL2A_20190417T033541_R061_T47PNL_20201007T030425/B4_10m.tif;data/satellite/surat_thani_mvp/sentinel2/2019/S2A_MSIL2A_20190417T033541_R061_T47PNL_20201007T030425/B8_10m.tif;data/satellite/surat_thani_mvp/sentinel2/2019/S2A_MSIL2A_20190417T033541_R061_T47PNL_20201007T030425/B11_20m.tif;data/satellite/surat_thani_mvp/sentinel2/2019/S2A_MSIL2A_20190417T033541_R061_T47PNL_20201007T030425/SCL_20m.tif,2033723,B2_10m.tif:7c98c89dc2b92eea943827f029cccbbd3030638ee94c817758166b1f9d7eafc0;B3_10m.tif:38af077d2fceeeef673ec54bfdd4087ea68818630d1513c5430968edaa34db33;B4_10m.tif:d7509b5596488c94a587ba62429d760d2bcd2997eea49c85f927b7eb96158e77;B8_10m.tif:bea54180643cdd8ca3395a88ef9fec6b33a7c2a2acacd76ed11e68a2739e8f7a;B11_20m.tif:29ba1a8759c3bd5b64de49cbbecbcbe195c716818dcf659c7092a2be0f5d616c;SCL_20m.tif:8302e7198cd6d7f4f6b97e7c7dc9acf9b4b9f2c41ed24b469d9871c77b1fd678,provider=Microsoft Planetary Computer; yearly paginated STAC search; AOI coverage=1.000; dry/same-season preference; AOI bad-quality=0.11%,downloaded-pending-raster-validation,,,,
sentinel2,S2B_MSIL2A_20200226T033719_R061_T47PNL_20200928T132439,Sentinel-2B,2020-02-26T03:37:19.024000Z,2020-02-26T10:37:19.024000+07:00,13.8231,0.0127,,,,unmatched_no_bracket,https://planetarycomputer.microsoft.com/api/stac/v1/collections/sentinel-2-l2a/items/S2B_MSIL2A_20200226T033719_R061_T47PNL_20200928T132439,"Copernicus Sentinel Data Legal Notice - free, full and open access",EPSG:32647,10/20,B2;B3;B4;B8;B11;SCL,data/satellite/surat_thani_mvp/sentinel2/2020/S2B_MSIL2A_20200226T033719_R061_T47PNL_20200928T132439/B2_10m.tif;data/satellite/surat_thani_mvp/sentinel2/2020/S2B_MSIL2A_20200226T033719_R061_T47PNL_20200928T132439/B3_10m.tif;data/satellite/surat_thani_mvp/sentinel2/2020/S2B_MSIL2A_20200226T033719_R061_T47PNL_20200928T132439/B4_10m.tif;data/satellite/surat_thani_mvp/sentinel2/2020/S2B_MSIL2A_20200226T033719_R061_T47PNL_20200928T132439/B8_10m.tif;data/satellite/surat_thani_mvp/sentinel2/2020/S2B_MSIL2A_20200226T033719_R061_T47PNL_20200928T132439/B11_20m.tif;data/satellite/surat_thani_mvp/sentinel2/2020/S2B_MSIL2A_20200226T033719_R061_T47PNL_20200928T132439/SCL_20m.tif,1972221,B2_10m.tif:84b5d644217d4a518997354dfef5e1ec9783744b2be2e6dec911e6c4045aa2ee;B3_10m.tif:7e2288a37c4bfde0287e2949176273bcdecccb66bce258c70c1fd43cad73497d;B4_10m.tif:aa752af8a2c45cb8f6496bb6d2eaccb6ab57a11db0674f1328aeead52796c99a;B8_10m.tif:e6f628e47e22af1322851ef2765752b31120ef70d96c7049230746496a35da28;B11_20m.tif:6fe1ee63e6f4018493be3a77f81c73afd721f125c87094fd600b7d5b4359af2d;SCL_20m.tif:931d74da1502323431153d7626f05a4e46d61d5982d0cb233f6fbe553659c0b5,provider=Microsoft Planetary Computer; yearly paginated STAC search; AOI coverage=1.000; dry/same-season preference; AOI bad-quality=0.01%,downloaded-pending-raster-validation,,,,
sentinel2,S2A_MSIL2A_20200322T033531_R061_T47PNL_20201014T231526,Sentinel-2A,2020-03-22T03:35:31.024000Z,2020-03-22T10:35:31.024000+07:00,6.7479,0.0198,,,,unmatched_no_bracket,https://planetarycomputer.microsoft.com/api/stac/v1/collections/sentinel-2-l2a/items/S2A_MSIL2A_20200322T033531_R061_T47PNL_20201014T231526,"Copernicus Sentinel Data Legal Notice - free, full and open access",EPSG:32647,10/20,B2;B3;B4;B8;B11;SCL,data/satellite/surat_thani_mvp/sentinel2/2020/S2A_MSIL2A_20200322T033531_R061_T47PNL_20201014T231526/B2_10m.tif;data/satellite/surat_thani_mvp/sentinel2/2020/S2A_MSIL2A_20200322T033531_R061_T47PNL_20201014T231526/B3_10m.tif;data/satellite/surat_thani_mvp/sentinel2/2020/S2A_MSIL2A_20200322T033531_R061_T47PNL_20201014T231526/B4_10m.tif;data/satellite/surat_thani_mvp/sentinel2/2020/S2A_MSIL2A_20200322T033531_R061_T47PNL_20201014T231526/B8_10m.tif;data/satellite/surat_thani_mvp/sentinel2/2020/S2A_MSIL2A_20200322T033531_R061_T47PNL_20201014T231526/B11_20m.tif;data/satellite/surat_thani_mvp/sentinel2/2020/S2A_MSIL2A_20200322T033531_R061_T47PNL_20201014T231526/SCL_20m.tif,2017269,B2_10m.tif:991e18e3646789ab1d741b48e20563849246587c53bde4e0ab2b61f9d3265fd7;B3_10m.tif:58b85a8e11beed439a9f872e11b59b8fd0243ee65bb971b95753405c5d2da8cd;B4_10m.tif:d52ee02493e0a5399a99e6e072bdcc893798d74c1723d5f8fcc87da49bc94737;B8_10m.tif:ddffde68a700e7d9f03b7f64484610dd3f08d1d67109d5d8aa75cce74f210812;B11_20m.tif:f08078cbf88c20ca8e191031d5fbb2f4fd0d472236c9ff7b1d76eee291f9be42;SCL_20m.tif:e3320f5d03eb6f0c6f73c1730a8b8d3e8a3708d577ce55d7f6fc239d9093e863,provider=Microsoft Planetary Computer; yearly paginated STAC search; AOI coverage=1.000; dry/same-season preference; AOI bad-quality=0.02%,downloaded-pending-raster-validation,,,,
sentinel2,S2A_MSIL2A_20200411T033531_R061_T47PNL_20200923T010425,Sentinel-2A,2020-04-11T03:35:31.024000Z,2020-04-11T10:35:31.024000+07:00,8.0251,0.2222,,,,unmatched_no_bracket,https://planetarycomputer.microsoft.com/api/stac/v1/collections/sentinel-2-l2a/items/S2A_MSIL2A_20200411T033531_R061_T47PNL_20200923T010425,"Copernicus Sentinel Data Legal Notice - free, full and open access",EPSG:32647,10/20,B2;B3;B4;B8;B11;SCL,data/satellite/surat_thani_mvp/sentinel2/2020/S2A_MSIL2A_20200411T033531_R061_T47PNL_20200923T010425/B2_10m.tif;data/satellite/surat_thani_mvp/sentinel2/2020/S2A_MSIL2A_20200411T033531_R061_T47PNL_20200923T010425/B3_10m.tif;data/satellite/surat_thani_mvp/sentinel2/2020/S2A_MSIL2A_20200411T033531_R061_T47PNL_20200923T010425/B4_10m.tif;data/satellite/surat_thani_mvp/sentinel2/2020/S2A_MSIL2A_20200411T033531_R061_T47PNL_20200923T010425/B8_10m.tif;data/satellite/surat_thani_mvp/sentinel2/2020/S2A_MSIL2A_20200411T033531_R061_T47PNL_20200923T010425/B11_20m.tif;data/satellite/surat_thani_mvp/sentinel2/2020/S2A_MSIL2A_20200411T033531_R061_T47PNL_20200923T010425/SCL_20m.tif,2038132,B2_10m.tif:2a1337aa9b9ab34b8c4d30397af70160858db93e37ec9b7f986f3cbf809412b5;B3_10m.tif:0785041deafa2963ba9ed78421c97854f36bdf2eaf3668a428d0c65ff230030c;B4_10m.tif:3a91f117ab9ddd8ed9804af4b956e51af1217807ab5950300420f40649af0e69;B8_10m.tif:230c56116ffb4bc3467adb2802f8fe66a21bf0d0738e5780da14bb1ac4ef69bb;B11_20m.tif:784a734a93b6cf07840356d744f576f0bd371d586baa7e113f3c58e0f235a6ec;SCL_20m.tif:a87f6f19bdbe4b715d279eb5f51a70bc4b8333bbaaedfde391ff808e7f7724a5,provider=Microsoft Planetary Computer; yearly paginated STAC search; AOI coverage=1.000; dry/same-season preference; AOI bad-quality=0.22%,downloaded-pending-raster-validation,,,,
sentinel2,S2B_MSIL2A_20210220T033759_R061_T47PNL_20210220T151603,Sentinel-2B,2021-02-20T03:37:59.024000Z,2021-02-20T10:37:59.024000+07:00,18.3131,0.0014,,,,unmatched_no_bracket,https://planetarycomputer.microsoft.com/api/stac/v1/collections/sentinel-2-l2a/items/S2B_MSIL2A_20210220T033759_R061_T47PNL_20210220T151603,"Copernicus Sentinel Data Legal Notice - free, full and open access",EPSG:32647,10/20,B2;B3;B4;B8;B11;SCL,data/satellite/surat_thani_mvp/sentinel2/2021/S2B_MSIL2A_20210220T033759_R061_T47PNL_20210220T151603/B2_10m.tif;data/satellite/surat_thani_mvp/sentinel2/2021/S2B_MSIL2A_20210220T033759_R061_T47PNL_20210220T151603/B3_10m.tif;data/satellite/surat_thani_mvp/sentinel2/2021/S2B_MSIL2A_20210220T033759_R061_T47PNL_20210220T151603/B4_10m.tif;data/satellite/surat_thani_mvp/sentinel2/2021/S2B_MSIL2A_20210220T033759_R061_T47PNL_20210220T151603/B8_10m.tif;data/satellite/surat_thani_mvp/sentinel2/2021/S2B_MSIL2A_20210220T033759_R061_T47PNL_20210220T151603/B11_20m.tif;data/satellite/surat_thani_mvp/sentinel2/2021/S2B_MSIL2A_20210220T033759_R061_T47PNL_20210220T151603/SCL_20m.tif,1948617,B2_10m.tif:654e0a0e895ea2c52e71d5bf99f2c3ed96beafa458d4fcf22a6f356d0270392d;B3_10m.tif:4f1e73e5a76c9553a1cd29c8d4bfdde199f72e4a84827e1365c76b8b7be2c1f7;B4_10m.tif:b7961e8d03f6e13dce7a4476cc7483ee40ea7dc5d28be606857723f2a4cf247c;B8_10m.tif:ab6034f045906f9308203687b368a00c60647ac136a69ac090bb14a9e861c0c3;B11_20m.tif:ad5c021eb1d014fc30c1dc171ae92a200d10b2c8d9c9724db305f7fae6713f4d;SCL_20m.tif:cf55ce2b9e7d5e086183ab0ecc69acfde092f790e043912cffb1083afd456ed5,provider=Microsoft Planetary Computer; yearly paginated STAC search; AOI coverage=1.000; dry/same-season preference; AOI bad-quality=0.00%,downloaded-pending-raster-validation,,,,
sentinel2,S2B_MSIL2A_20210312T033539_R061_T47PNL_20210312T160153,Sentinel-2B,2021-03-12T03:35:39.024000Z,2021-03-12T10:35:39.024000+07:00,42.7783,2.9147,,,,unmatched_no_bracket,https://planetarycomputer.microsoft.com/api/stac/v1/collections/sentinel-2-l2a/items/S2B_MSIL2A_20210312T033539_R061_T47PNL_20210312T160153,"Copernicus Sentinel Data Legal Notice - free, full and open access",EPSG:32647,10/20,B2;B3;B4;B8;B11;SCL,data/satellite/surat_thani_mvp/sentinel2/2021/S2B_MSIL2A_20210312T033539_R061_T47PNL_20210312T160153/B2_10m.tif;data/satellite/surat_thani_mvp/sentinel2/2021/S2B_MSIL2A_20210312T033539_R061_T47PNL_20210312T160153/B3_10m.tif;data/satellite/surat_thani_mvp/sentinel2/2021/S2B_MSIL2A_20210312T033539_R061_T47PNL_20210312T160153/B4_10m.tif;data/satellite/surat_thani_mvp/sentinel2/2021/S2B_MSIL2A_20210312T033539_R061_T47PNL_20210312T160153/B8_10m.tif;data/satellite/surat_thani_mvp/sentinel2/2021/S2B_MSIL2A_20210312T033539_R061_T47PNL_20210312T160153/B11_20m.tif;data/satellite/surat_thani_mvp/sentinel2/2021/S2B_MSIL2A_20210312T033539_R061_T47PNL_20210312T160153/SCL_20m.tif,2021229,B2_10m.tif:bef6428cb8dfd82f7fd5f7cbee0dae424b07e6b38ef09b60077f824497c2e7fd;B3_10m.tif:05dfe419ab55e54b27be1b57f68424f3fcd31a17537486e5f85dc6855f9c2402;B4_10m.tif:d23ca5c59646b6db1d07f559dfdd1d765aaf96d365fb46c0cf9050d2589a4f7e;B8_10m.tif:36e1419b326d873777fa281ccc96a71b45c2fc24425f8157ad15c2a13e06d8d8;B11_20m.tif:0af45f71a4dd2ebf9a109938984f377dbbcf98337faffb8267dee69c7407c977;SCL_20m.tif:cd5b81cdd6a893a5417845f9c1db0ede25c06bb8036d4f01e731e4ea9e1951e0,provider=Microsoft Planetary Computer; yearly paginated STAC search; AOI coverage=1.000; dry/same-season preference; AOI bad-quality=2.91%,downloaded-pending-raster-validation,,,,
sentinel2,S2A_MSIL2A_20210426T033531_R061_T47PNL_20210426T132640,Sentinel-2A,2021-04-26T03:35:31.024000Z,2021-04-26T10:35:31.024000+07:00,17.1726,10.5334,,,,unmatched_no_bracket,https://planetarycomputer.microsoft.com/api/stac/v1/collections/sentinel-2-l2a/items/S2A_MSIL2A_20210426T033531_R061_T47PNL_20210426T132640,"Copernicus Sentinel Data Legal Notice - free, full and open access",EPSG:32647,10/20,B2;B3;B4;B8;B11;SCL,data/satellite/surat_thani_mvp/sentinel2/2021/S2A_MSIL2A_20210426T033531_R061_T47PNL_20210426T132640/B2_10m.tif;data/satellite/surat_thani_mvp/sentinel2/2021/S2A_MSIL2A_20210426T033531_R061_T47PNL_20210426T132640/B3_10m.tif;data/satellite/surat_thani_mvp/sentinel2/2021/S2A_MSIL2A_20210426T033531_R061_T47PNL_20210426T132640/B4_10m.tif;data/satellite/surat_thani_mvp/sentinel2/2021/S2A_MSIL2A_20210426T033531_R061_T47PNL_20210426T132640/B8_10m.tif;data/satellite/surat_thani_mvp/sentinel2/2021/S2A_MSIL2A_20210426T033531_R061_T47PNL_20210426T132640/B11_20m.tif;data/satellite/surat_thani_mvp/sentinel2/2021/S2A_MSIL2A_20210426T033531_R061_T47PNL_20210426T132640/SCL_20m.tif,2119816,B2_10m.tif:7784e89fa6b0166f15fa6a2a14250ba6b12ae046b56d0c742c1210beb953f82a;B3_10m.tif:578f471de46eed8f6bb7ccf436d1bf378f3ee5178c5af7a89e105c588b663c49;B4_10m.tif:bb037eb1f491f8645b40935eeb0fb3736f545bace71680bae99c61a9be73b6e5;B8_10m.tif:6ee1659076dfdba466ec54562e0eecc2b21bc5666a81edd1a8e1b3957e358bec;B11_20m.tif:0bcf73c4f0165162319e9cb714a2a93c4871c37ee80a74a43dac1d56cc28c457;SCL_20m.tif:fabebdae4dd306bf67a0d65292946e63958ca4ba65ce15375d5272475e1f25ed,provider=Microsoft Planetary Computer; yearly paginated STAC search; AOI coverage=1.000; dry/same-season preference; AOI bad-quality=10.53%,downloaded-pending-raster-validation,,,,
sentinel2,S2B_MSIL2A_20220205T033929_R061_T47PNL_20220218T223728,Sentinel-2B,2022-02-05T03:39:29.024000Z,2022-02-05T10:39:29.024000+07:00,54.2324,0.0000,,,,unmatched_no_bracket,https://planetarycomputer.microsoft.com/api/stac/v1/collections/sentinel-2-l2a/items/S2B_MSIL2A_20220205T033929_R061_T47PNL_20220218T223728,"Copernicus Sentinel Data Legal Notice - free, full and open access",EPSG:32647,10/20,B2;B3;B4;B8;B11;SCL,data/satellite/surat_thani_mvp/sentinel2/2022/S2B_MSIL2A_20220205T033929_R061_T47PNL_20220218T223728/B2_10m.tif;data/satellite/surat_thani_mvp/sentinel2/2022/S2B_MSIL2A_20220205T033929_R061_T47PNL_20220218T223728/B3_10m.tif;data/satellite/surat_thani_mvp/sentinel2/2022/S2B_MSIL2A_20220205T033929_R061_T47PNL_20220218T223728/B4_10m.tif;data/satellite/surat_thani_mvp/sentinel2/2022/S2B_MSIL2A_20220205T033929_R061_T47PNL_20220218T223728/B8_10m.tif;data/satellite/surat_thani_mvp/sentinel2/2022/S2B_MSIL2A_20220205T033929_R061_T47PNL_20220218T223728/B11_20m.tif;data/satellite/surat_thani_mvp/sentinel2/2022/S2B_MSIL2A_20220205T033929_R061_T47PNL_20220218T223728/SCL_20m.tif,2023085,B2_10m.tif:83cbfd8170465c0ac08996717dca22d42b14ec129f23bd11e2c5e3c0ebd7bd0d;B3_10m.tif:ecc78c2e1a25029a909ae7d57fbf284f452cd34c816ff0d5f2792fd33daa49c0;B4_10m.tif:1e45e3bf1bfebb177b3ff16073e2d4ce17f187fcb3ef6409a88315a87c3dcb75;B8_10m.tif:705b3a8823606f08d9eb0359a2315c155da17380b1561e62ff7414322164bdb7;B11_20m.tif:4adf51ba7f9441969578fa79f4b7dbeff5767b420eac6f27d3c80174169e3188;SCL_20m.tif:64a99a3469f32b0def06b79db31137aa45d14dbfc45447130513a2fbe36fecac,provider=Microsoft Planetary Computer; yearly paginated STAC search; AOI coverage=1.000; dry/same-season preference; AOI bad-quality=0.00%,downloaded-pending-raster-validation,,,,
sentinel2,S2A_MSIL2A_20220312T033541_R061_T47PNL_20220312T201539,Sentinel-2A,2022-03-12T03:35:41.024000Z,2022-03-12T10:35:41.024000+07:00,8.0537,5.3042,,,,unmatched_no_bracket,https://planetarycomputer.microsoft.com/api/stac/v1/collections/sentinel-2-l2a/items/S2A_MSIL2A_20220312T033541_R061_T47PNL_20220312T201539,"Copernicus Sentinel Data Legal Notice - free, full and open access",EPSG:32647,10/20,B2;B3;B4;B8;B11;SCL,data/satellite/surat_thani_mvp/sentinel2/2022/S2A_MSIL2A_20220312T033541_R061_T47PNL_20220312T201539/B2_10m.tif;data/satellite/surat_thani_mvp/sentinel2/2022/S2A_MSIL2A_20220312T033541_R061_T47PNL_20220312T201539/B3_10m.tif;data/satellite/surat_thani_mvp/sentinel2/2022/S2A_MSIL2A_20220312T033541_R061_T47PNL_20220312T201539/B4_10m.tif;data/satellite/surat_thani_mvp/sentinel2/2022/S2A_MSIL2A_20220312T033541_R061_T47PNL_20220312T201539/B8_10m.tif;data/satellite/surat_thani_mvp/sentinel2/2022/S2A_MSIL2A_20220312T033541_R061_T47PNL_20220312T201539/B11_20m.tif;data/satellite/surat_thani_mvp/sentinel2/2022/S2A_MSIL2A_20220312T033541_R061_T47PNL_20220312T201539/SCL_20m.tif,2039526,B2_10m.tif:3e2e1e57dfa7c3123b310e49efa032a69ba08aa441695b991b55893a2588d5cc;B3_10m.tif:4c6532737b57e91d5d0122e52c2be744f46943bb8e5bd1c730d58a5a6f1487e6;B4_10m.tif:7b9415c75df9a7ee2f1cabc31b517568f5fbcada2d2510f004dc4025a6987936;B8_10m.tif:23246e3bb5682f5670229e03891115959067548a490b38244737d48ad848ac2b;B11_20m.tif:0c0374615774040b1ea6bb6311b792ff5b9b7def3f0f3c12cadc2bf3ab381650;SCL_20m.tif:a5897429db10db6f25d119a98082b94e6d34592d5ffd8e5172319f24a594fe0b,provider=Microsoft Planetary Computer; yearly paginated STAC search; AOI coverage=1.000; dry/same-season preference; AOI bad-quality=5.30%,downloaded-pending-raster-validation,,,,
sentinel2,S2A_MSIL2A_20220421T033541_R061_T47PNL_20220421T215159,Sentinel-2A,2022-04-21T03:35:41.024000Z,2022-04-21T10:35:41.024000+07:00,41.9748,0.0000,,,,unmatched_no_bracket,https://planetarycomputer.microsoft.com/api/stac/v1/collections/sentinel-2-l2a/items/S2A_MSIL2A_20220421T033541_R061_T47PNL_20220421T215159,"Copernicus Sentinel Data Legal Notice - free, full and open access",EPSG:32647,10/20,B2;B3;B4;B8;B11;SCL,data/satellite/surat_thani_mvp/sentinel2/2022/S2A_MSIL2A_20220421T033541_R061_T47PNL_20220421T215159/B2_10m.tif;data/satellite/surat_thani_mvp/sentinel2/2022/S2A_MSIL2A_20220421T033541_R061_T47PNL_20220421T215159/B3_10m.tif;data/satellite/surat_thani_mvp/sentinel2/2022/S2A_MSIL2A_20220421T033541_R061_T47PNL_20220421T215159/B4_10m.tif;data/satellite/surat_thani_mvp/sentinel2/2022/S2A_MSIL2A_20220421T033541_R061_T47PNL_20220421T215159/B8_10m.tif;data/satellite/surat_thani_mvp/sentinel2/2022/S2A_MSIL2A_20220421T033541_R061_T47PNL_20220421T215159/B11_20m.tif;data/satellite/surat_thani_mvp/sentinel2/2022/S2A_MSIL2A_20220421T033541_R061_T47PNL_20220421T215159/SCL_20m.tif,2066449,B2_10m.tif:8d2510b65652b870e1b0b5ac6fa321598789dc9419ac7c79ad6f581b98b3c7c8;B3_10m.tif:9515454b9ce1c4b04aad916796c408a8e0e3b5127c11fffc631cffe5c787abcd;B4_10m.tif:a7d60ed5b2295e8c86d1bb7d6849a787a5225e7e67fb8ca53b8120c8f43ab674;B8_10m.tif:70a130c3368a3a44e7fa2c22b205bbfdca2459f62874814a951873808cdc3c13;B11_20m.tif:1012817f50e7efa010cc8fa863fde42fa8c215eceb7ac727f309bf056fcc3865;SCL_20m.tif:9f41714901ce1a013c009a8137fc6c18ca36e467ee2aa98b692e53e5a380ee2c,provider=Microsoft Planetary Computer; yearly paginated STAC search; AOI coverage=1.000; dry/same-season preference; AOI bad-quality=0.00%,downloaded-pending-raster-validation,,,,
sentinel2,S2B_MSIL2A_20230210T033859_R061_T47PNL_20230211T035717,Sentinel-2B,2023-02-10T03:38:59.024000Z,2023-02-10T10:38:59.024000+07:00,33.8561,0.8182,,,,unmatched_no_bracket,https://planetarycomputer.microsoft.com/api/stac/v1/collections/sentinel-2-l2a/items/S2B_MSIL2A_20230210T033859_R061_T47PNL_20230211T035717,"Copernicus Sentinel Data Legal Notice - free, full and open access",EPSG:32647,10/20,B2;B3;B4;B8;B11;SCL,data/satellite/surat_thani_mvp/sentinel2/2023/S2B_MSIL2A_20230210T033859_R061_T47PNL_20230211T035717/B2_10m.tif;data/satellite/surat_thani_mvp/sentinel2/2023/S2B_MSIL2A_20230210T033859_R061_T47PNL_20230211T035717/B3_10m.tif;data/satellite/surat_thani_mvp/sentinel2/2023/S2B_MSIL2A_20230210T033859_R061_T47PNL_20230211T035717/B4_10m.tif;data/satellite/surat_thani_mvp/sentinel2/2023/S2B_MSIL2A_20230210T033859_R061_T47PNL_20230211T035717/B8_10m.tif;data/satellite/surat_thani_mvp/sentinel2/2023/S2B_MSIL2A_20230210T033859_R061_T47PNL_20230211T035717/B11_20m.tif;data/satellite/surat_thani_mvp/sentinel2/2023/S2B_MSIL2A_20230210T033859_R061_T47PNL_20230211T035717/SCL_20m.tif,1997200,B2_10m.tif:dcdcb50be079c2d9940e486ac068008a82279bb7a7b7dc41bb4cd5b01db5cfba;B3_10m.tif:c704d6d60b7eab95cf746aab073f5dbb16648104697e025cc9e2a54e8f2c286f;B4_10m.tif:ef80bb777d98a369e43842020781db25470cd354c4f11e1225d9eeee86719ae6;B8_10m.tif:1476cdd4c48cfad7ce288491d7755cd211c48cc2a2d68ee02d3234b69717dd65;B11_20m.tif:ba4bcbf0c6058cbfd913891653c9b6936ffe4e592ebf5b4f890d13f444e6c183;SCL_20m.tif:88077aee7b5dd07e9b15d8936165ebde11f4df04fd0175ec16b386084073562c,provider=Microsoft Planetary Computer; yearly paginated STAC search; AOI coverage=1.000; dry/same-season preference; AOI bad-quality=0.82%,downloaded-pending-raster-validation,,,,
sentinel2,S2B_MSIL2A_20230312T033539_R061_T47PNL_20230312T103608,Sentinel-2B,2023-03-12T03:35:39.025000Z,2023-03-12T10:35:39.025000+07:00,6.5657,0.0000,,,,unmatched_no_bracket,https://planetarycomputer.microsoft.com/api/stac/v1/collections/sentinel-2-l2a/items/S2B_MSIL2A_20230312T033539_R061_T47PNL_20230312T103608,"Copernicus Sentinel Data Legal Notice - free, full and open access",EPSG:32647,10/20,B2;B3;B4;B8;B11;SCL,data/satellite/surat_thani_mvp/sentinel2/2023/S2B_MSIL2A_20230312T033539_R061_T47PNL_20230312T103608/B2_10m.tif;data/satellite/surat_thani_mvp/sentinel2/2023/S2B_MSIL2A_20230312T033539_R061_T47PNL_20230312T103608/B3_10m.tif;data/satellite/surat_thani_mvp/sentinel2/2023/S2B_MSIL2A_20230312T033539_R061_T47PNL_20230312T103608/B4_10m.tif;data/satellite/surat_thani_mvp/sentinel2/2023/S2B_MSIL2A_20230312T033539_R061_T47PNL_20230312T103608/B8_10m.tif;data/satellite/surat_thani_mvp/sentinel2/2023/S2B_MSIL2A_20230312T033539_R061_T47PNL_20230312T103608/B11_20m.tif;data/satellite/surat_thani_mvp/sentinel2/2023/S2B_MSIL2A_20230312T033539_R061_T47PNL_20230312T103608/SCL_20m.tif,1951283,B2_10m.tif:d92cc4edcf2e73ce232ae9c35ac76b1454a3fe929fd94df1fb265b90784004f1;B3_10m.tif:6356f022bcba566f297b7daff3cbd6ddda3962fff52a8f7fa13c00bea2be9d3f;B4_10m.tif:9482a010c94b5b14368d923726f937372e92885039010db22116eef6cfb7e571;B8_10m.tif:1987c7d18e901690461c422b711d78e18a424ee7c33b71db6e0a890cdd988d1b;B11_20m.tif:1ac097e2b0d6f05a5a2d2072b5a6a80b2a06043f39598e3bb028ddda44be8923;SCL_20m.tif:aaf8a54414f4d94b1a3c3e78ffd67e015fc4224b0ae82f939d94db9bd49cceef,provider=Microsoft Planetary Computer; yearly paginated STAC search; AOI coverage=1.000; dry/same-season preference; AOI bad-quality=0.00%,downloaded-pending-raster-validation,,,,
sentinel2,S2A_MSIL2A_20230406T033541_R061_T47PNL_20230406T112615,Sentinel-2A,2023-04-06T03:35:41.024000Z,2023-04-06T10:35:41.024000+07:00,0.6880,0.0000,,,,unmatched_no_bracket,https://planetarycomputer.microsoft.com/api/stac/v1/collections/sentinel-2-l2a/items/S2A_MSIL2A_20230406T033541_R061_T47PNL_20230406T112615,"Copernicus Sentinel Data Legal Notice - free, full and open access",EPSG:32647,10/20,B2;B3;B4;B8;B11;SCL,data/satellite/surat_thani_mvp/sentinel2/2023/S2A_MSIL2A_20230406T033541_R061_T47PNL_20230406T112615/B2_10m.tif;data/satellite/surat_thani_mvp/sentinel2/2023/S2A_MSIL2A_20230406T033541_R061_T47PNL_20230406T112615/B3_10m.tif;data/satellite/surat_thani_mvp/sentinel2/2023/S2A_MSIL2A_20230406T033541_R061_T47PNL_20230406T112615/B4_10m.tif;data/satellite/surat_thani_mvp/sentinel2/2023/S2A_MSIL2A_20230406T033541_R061_T47PNL_20230406T112615/B8_10m.tif;data/satellite/surat_thani_mvp/sentinel2/2023/S2A_MSIL2A_20230406T033541_R061_T47PNL_20230406T112615/B11_20m.tif;data/satellite/surat_thani_mvp/sentinel2/2023/S2A_MSIL2A_20230406T033541_R061_T47PNL_20230406T112615/SCL_20m.tif,2015742,B2_10m.tif:441d32f211b3b9a9171f7586338e19492d875f9109a0e3d4ec96332eefee0771;B3_10m.tif:dbe5f3e32a85fc4e3eee43e077a3c0d5a0de90a39c8ff19f443f75c3cf994707;B4_10m.tif:c87e0ad2a3335009530a8cfbf006a36ec6eea62e98ab4bb1aaf7ac1b0b62b08f;B8_10m.tif:d89de4d17d90a0e06f04473e40d35198ecd4a7d572401b603979400100d67415;B11_20m.tif:83412cf6d572753cbf05d86ebe1bf41af89e474d220f4ee6a35a56124c987370;SCL_20m.tif:fd56bd3cdb75969254c3b4b9ffc2f7f292cb411eae7252687a903255d1b55252,provider=Microsoft Planetary Computer; yearly paginated STAC search; AOI coverage=1.000; dry/same-season preference; AOI bad-quality=0.00%,downloaded-pending-raster-validation,,,,
sentinel2,S2B_MSIL2A_20240225T033729_R061_T47PNL_20240225T081626,Sentinel-2B,2024-02-25T03:37:29.024000Z,2024-02-25T10:37:29.024000+07:00,11.7352,0.0000,,,,unmatched_no_bracket,https://planetarycomputer.microsoft.com/api/stac/v1/collections/sentinel-2-l2a/items/S2B_MSIL2A_20240225T033729_R061_T47PNL_20240225T081626,"Copernicus Sentinel Data Legal Notice - free, full and open access",EPSG:32647,10/20,B2;B3;B4;B8;B11;SCL,data/satellite/surat_thani_mvp/sentinel2/2024/S2B_MSIL2A_20240225T033729_R061_T47PNL_20240225T081626/B2_10m.tif;data/satellite/surat_thani_mvp/sentinel2/2024/S2B_MSIL2A_20240225T033729_R061_T47PNL_20240225T081626/B3_10m.tif;data/satellite/surat_thani_mvp/sentinel2/2024/S2B_MSIL2A_20240225T033729_R061_T47PNL_20240225T081626/B4_10m.tif;data/satellite/surat_thani_mvp/sentinel2/2024/S2B_MSIL2A_20240225T033729_R061_T47PNL_20240225T081626/B8_10m.tif;data/satellite/surat_thani_mvp/sentinel2/2024/S2B_MSIL2A_20240225T033729_R061_T47PNL_20240225T081626/B11_20m.tif;data/satellite/surat_thani_mvp/sentinel2/2024/S2B_MSIL2A_20240225T033729_R061_T47PNL_20240225T081626/SCL_20m.tif,1967311,B2_10m.tif:ddc83500e0bddf017ae7e92068f09887d5b672f50d716a2b65bb415e58666406;B3_10m.tif:3641237a465615300ec2a48eb218b77bd2737b4ef75e7d6cedb22737e45e34e3;B4_10m.tif:b3d9e1065d4e7b68ecfad748ef956d3ca6fbe68beef9179c89e2fc31ed728f34;B8_10m.tif:86108bffeb8a6ccdf6584d3cf1e24fe1ed78896fd12162b44871d4b26645e6cc;B11_20m.tif:ef59381f0d058fdc2fbea56e959aa49938a55b786b0d62c223d83b5814f6a8fd;SCL_20m.tif:4f991bd4997a5a10fb4be0db5b8c614f94d1abc77553b6c539492714ca2da8af,provider=Microsoft Planetary Computer; yearly paginated STAC search; AOI coverage=1.000; dry/same-season preference; AOI bad-quality=0.00%,downloaded-pending-raster-validation,,,,
sentinel2,S2A_MSIL2A_20240321T033541_R061_T47PNL_20240321T091105,Sentinel-2A,2024-03-21T03:35:41.024000Z,2024-03-21T10:35:41.024000+07:00,11.0786,0.0000,,,,unmatched_no_bracket,https://planetarycomputer.microsoft.com/api/stac/v1/collections/sentinel-2-l2a/items/S2A_MSIL2A_20240321T033541_R061_T47PNL_20240321T091105,"Copernicus Sentinel Data Legal Notice - free, full and open access",EPSG:32647,10/20,B2;B3;B4;B8;B11;SCL,data/satellite/surat_thani_mvp/sentinel2/2024/S2A_MSIL2A_20240321T033541_R061_T47PNL_20240321T091105/B2_10m.tif;data/satellite/surat_thani_mvp/sentinel2/2024/S2A_MSIL2A_20240321T033541_R061_T47PNL_20240321T091105/B3_10m.tif;data/satellite/surat_thani_mvp/sentinel2/2024/S2A_MSIL2A_20240321T033541_R061_T47PNL_20240321T091105/B4_10m.tif;data/satellite/surat_thani_mvp/sentinel2/2024/S2A_MSIL2A_20240321T033541_R061_T47PNL_20240321T091105/B8_10m.tif;data/satellite/surat_thani_mvp/sentinel2/2024/S2A_MSIL2A_20240321T033541_R061_T47PNL_20240321T091105/B11_20m.tif;data/satellite/surat_thani_mvp/sentinel2/2024/S2A_MSIL2A_20240321T033541_R061_T47PNL_20240321T091105/SCL_20m.tif,1988996,B2_10m.tif:7e106180b21e6e9b4f679f9e7aff5861ea4531380bf3560f7e570ac3a5822378;B3_10m.tif:8a9b24fc8c4d00c8c05ac220532ff1e4344af18d8d5c2f26d7d68acc43fc2f1c;B4_10m.tif:9e30f5922f2911d7a120f51df32a9050daa2d59a39f9bd4ac1025e450658757f;B8_10m.tif:81fa3a7a0f11a0611d0ca46198a0e02e08175c9785c0dc8b1f79634db8aff560;B11_20m.tif:05c5f7b5ea359db69b3693eb6bcf8e73137fe3ecb6248e2257047993c9dbf218;SCL_20m.tif:e099eb1a30a755ae38fd7611d85f3cb09a9ecebad83c82bccdbd3e248568e0d7,provider=Microsoft Planetary Computer; yearly paginated STAC search; AOI coverage=1.000; dry/same-season preference; AOI bad-quality=0.00%,downloaded-pending-raster-validation,,,,
sentinel2,S2A_MSIL2A_20240420T033541_R061_T47PNL_20240420T101326,Sentinel-2A,2024-04-20T03:35:41.024000Z,2024-04-20T10:35:41.024000+07:00,19.2926,1.4722,,,,unmatched_no_bracket,https://planetarycomputer.microsoft.com/api/stac/v1/collections/sentinel-2-l2a/items/S2A_MSIL2A_20240420T033541_R061_T47PNL_20240420T101326,"Copernicus Sentinel Data Legal Notice - free, full and open access",EPSG:32647,10/20,B2;B3;B4;B8;B11;SCL,data/satellite/surat_thani_mvp/sentinel2/2024/S2A_MSIL2A_20240420T033541_R061_T47PNL_20240420T101326/B2_10m.tif;data/satellite/surat_thani_mvp/sentinel2/2024/S2A_MSIL2A_20240420T033541_R061_T47PNL_20240420T101326/B3_10m.tif;data/satellite/surat_thani_mvp/sentinel2/2024/S2A_MSIL2A_20240420T033541_R061_T47PNL_20240420T101326/B4_10m.tif;data/satellite/surat_thani_mvp/sentinel2/2024/S2A_MSIL2A_20240420T033541_R061_T47PNL_20240420T101326/B8_10m.tif;data/satellite/surat_thani_mvp/sentinel2/2024/S2A_MSIL2A_20240420T033541_R061_T47PNL_20240420T101326/B11_20m.tif;data/satellite/surat_thani_mvp/sentinel2/2024/S2A_MSIL2A_20240420T033541_R061_T47PNL_20240420T101326/SCL_20m.tif,2013761,B2_10m.tif:3498d10e0bbf807a0fc063aec115dacc410128170aea0e6f669915774cd8e1d8;B3_10m.tif:b7db63525e249102a2761f8de4370e4acacc1dce828f5dec115833dcc548f0e8;B4_10m.tif:5ee452f729bb8c3e59beef1b8826f41a1ed2703db8e84f51d785aabb4f741c48;B8_10m.tif:da7995ecd534dcbb6356678864b3d16ecfc06f146b6b71c8abbff5d930191f2d;B11_20m.tif:a1e52cece4061cc214878dc7fad9aaee2bd082745afee6a423edfda3cb5d5a32;SCL_20m.tif:e1c645043690e172599b49b462f447b29126dbb2aa2418781c7bc388eec53f59,provider=Microsoft Planetary Computer; yearly paginated STAC search; AOI coverage=1.000; dry/same-season preference; AOI bad-quality=1.47%,downloaded-pending-raster-validation,,,,
sentinel2,S2C_MSIL2A_20250214T033901_R061_T47PNL_20250214T090512,Sentinel-2C,2025-02-14T03:39:01.025000Z,2025-02-14T10:39:01.025000+07:00,28.0500,0.0000,,,,unmatched_no_bracket,https://planetarycomputer.microsoft.com/api/stac/v1/collections/sentinel-2-l2a/items/S2C_MSIL2A_20250214T033901_R061_T47PNL_20250214T090512,"Copernicus Sentinel Data Legal Notice - free, full and open access",EPSG:32647,10/20,B2;B3;B4;B8;B11;SCL,data/satellite/surat_thani_mvp/sentinel2/2025/S2C_MSIL2A_20250214T033901_R061_T47PNL_20250214T090512/B2_10m.tif;data/satellite/surat_thani_mvp/sentinel2/2025/S2C_MSIL2A_20250214T033901_R061_T47PNL_20250214T090512/B3_10m.tif;data/satellite/surat_thani_mvp/sentinel2/2025/S2C_MSIL2A_20250214T033901_R061_T47PNL_20250214T090512/B4_10m.tif;data/satellite/surat_thani_mvp/sentinel2/2025/S2C_MSIL2A_20250214T033901_R061_T47PNL_20250214T090512/B8_10m.tif;data/satellite/surat_thani_mvp/sentinel2/2025/S2C_MSIL2A_20250214T033901_R061_T47PNL_20250214T090512/B11_20m.tif;data/satellite/surat_thani_mvp/sentinel2/2025/S2C_MSIL2A_20250214T033901_R061_T47PNL_20250214T090512/SCL_20m.tif,1909668,B2_10m.tif:3c03a8d8f13dbc1ba05ef11fbbae029c22b595827eeeb548e0cebc27e065f7e3;B3_10m.tif:da51dc16bf81746cae7489773941d71186a7f6b4ab547499f7fbfc8fb1150c81;B4_10m.tif:9f685b5ddeb91f58554d159538a95bc848509dc1e7d92ec557fd52bb07683e54;B8_10m.tif:173918163eccae267fd153731a0f35268fa6a6cf73dcc548a8f159474f16b3e9;B11_20m.tif:2e5d5e0afdbd46d05ab95561910f7ddd5f204848efdf509bf9b4b52224684b86;SCL_20m.tif:c0e150cba996433e2d33b6f619f682823a1aac353a4da3fe9941511a7e46e91b,provider=Microsoft Planetary Computer; yearly paginated STAC search; AOI coverage=1.000; dry/same-season preference; AOI bad-quality=0.00%,downloaded-pending-raster-validation,,,,
sentinel2,S2C_MSIL2A_20250316T033601_R061_T47PNL_20250316T090315,Sentinel-2C,2025-03-16T03:36:01.024000Z,2025-03-16T10:36:01.024000+07:00,3.9532,0.0000,,,,unmatched_no_bracket,https://planetarycomputer.microsoft.com/api/stac/v1/collections/sentinel-2-l2a/items/S2C_MSIL2A_20250316T033601_R061_T47PNL_20250316T090315,"Copernicus Sentinel Data Legal Notice - free, full and open access",EPSG:32647,10/20,B2;B3;B4;B8;B11;SCL,data/satellite/surat_thani_mvp/sentinel2/2025/S2C_MSIL2A_20250316T033601_R061_T47PNL_20250316T090315/B2_10m.tif;data/satellite/surat_thani_mvp/sentinel2/2025/S2C_MSIL2A_20250316T033601_R061_T47PNL_20250316T090315/B3_10m.tif;data/satellite/surat_thani_mvp/sentinel2/2025/S2C_MSIL2A_20250316T033601_R061_T47PNL_20250316T090315/B4_10m.tif;data/satellite/surat_thani_mvp/sentinel2/2025/S2C_MSIL2A_20250316T033601_R061_T47PNL_20250316T090315/B8_10m.tif;data/satellite/surat_thani_mvp/sentinel2/2025/S2C_MSIL2A_20250316T033601_R061_T47PNL_20250316T090315/B11_20m.tif;data/satellite/surat_thani_mvp/sentinel2/2025/S2C_MSIL2A_20250316T033601_R061_T47PNL_20250316T090315/SCL_20m.tif,1951977,B2_10m.tif:1472cec0082a8ce5b482d749b034c9b11b9916bc55a7a36d8e75ab8532ca2abe;B3_10m.tif:ac82668193d5ea4be2318989261f954cc8932804327818a1bc65b5a859def81b;B4_10m.tif:e5ed2f0212511cb8ce09aecc7f1c90719cbdc63263146da3f383b2762cb98bcc;B8_10m.tif:37f3c524ccd4d9f4faebb2037daee7174a8750375eafb8a20630dda672a1ca63;B11_20m.tif:6d9e3b55f8ee430212ffee7d2cc30224dc53ec3513228d599e201f84d7ccb41d;SCL_20m.tif:4bd52410e1c72023300ea2e0c30fafaf5ef4e55a42aa5547d764ccae65ebb807,provider=Microsoft Planetary Computer; yearly paginated STAC search; AOI coverage=1.000; dry/same-season preference; AOI bad-quality=0.00%,downloaded-pending-raster-validation,,,,
sentinel2,S2A_MSIL2A_20250407T034201_R061_T47PNL_20250407T083514,Sentinel-2A,2025-04-07T03:42:01.024000Z,2025-04-07T10:42:01.024000+07:00,29.4795,0.0000,,,,unmatched_no_bracket,https://planetarycomputer.microsoft.com/api/stac/v1/collections/sentinel-2-l2a/items/S2A_MSIL2A_20250407T034201_R061_T47PNL_20250407T083514,"Copernicus Sentinel Data Legal Notice - free, full and open access",EPSG:32647,10/20,B2;B3;B4;B8;B11;SCL,data/satellite/surat_thani_mvp/sentinel2/2025/S2A_MSIL2A_20250407T034201_R061_T47PNL_20250407T083514/B2_10m.tif;data/satellite/surat_thani_mvp/sentinel2/2025/S2A_MSIL2A_20250407T034201_R061_T47PNL_20250407T083514/B3_10m.tif;data/satellite/surat_thani_mvp/sentinel2/2025/S2A_MSIL2A_20250407T034201_R061_T47PNL_20250407T083514/B4_10m.tif;data/satellite/surat_thani_mvp/sentinel2/2025/S2A_MSIL2A_20250407T034201_R061_T47PNL_20250407T083514/B8_10m.tif;data/satellite/surat_thani_mvp/sentinel2/2025/S2A_MSIL2A_20250407T034201_R061_T47PNL_20250407T083514/B11_20m.tif;data/satellite/surat_thani_mvp/sentinel2/2025/S2A_MSIL2A_20250407T034201_R061_T47PNL_20250407T083514/SCL_20m.tif,1938374,B2_10m.tif:95d0fb190775ee991ccfcddf4628108cf3e9078e0a5feae3cf821dc66bc1fe67;B3_10m.tif:f7cb771e68ea1561aab07dd2ecb717f3948188d9b1f5ff9e0c675e42704af19f;B4_10m.tif:8de28a3a39fd009993210cd26f62a850182c7aa00b7dcbfe94599a4b13e53876;B8_10m.tif:42edf96c4743beaf46b473c7654fd5607af3e5b116bbf163e3828d1b51cad18d;B11_20m.tif:0e99d32232bb42bd4219d91700dff0ea21aabe63a2c73f79350a6b1bd7bea64a;SCL_20m.tif:7770684097c2b0a787956c568bdbe86d7dfb7d5f865260b5cd92fc206f103eb9,provider=Microsoft Planetary Computer; yearly paginated STAC search; AOI coverage=1.000; dry/same-season preference; AOI bad-quality=0.00%,downloaded-pending-raster-validation,,,,
sentinel2,S2C_MSIL2A_20260301T033701_R061_T47PNL_20260301T091613,Sentinel-2C,2026-03-01T03:37:01.025000Z,2026-03-01T10:37:01.025000+07:00,0.8892,0.0000,Ko Prap,1.038,MSL,predicted_interpolated,https://planetarycomputer.microsoft.com/api/stac/v1/collections/sentinel-2-l2a/items/S2C_MSIL2A_20260301T033701_R061_T47PNL_20260301T091613,"Copernicus Sentinel Data Legal Notice - free, full and open access",EPSG:32647,10/20,B2;B3;B4;B8;B11;SCL,data/satellite/surat_thani_mvp/sentinel2/2026/S2C_MSIL2A_20260301T033701_R061_T47PNL_20260301T091613/B2_10m.tif;data/satellite/surat_thani_mvp/sentinel2/2026/S2C_MSIL2A_20260301T033701_R061_T47PNL_20260301T091613/B3_10m.tif;data/satellite/surat_thani_mvp/sentinel2/2026/S2C_MSIL2A_20260301T033701_R061_T47PNL_20260301T091613/B4_10m.tif;data/satellite/surat_thani_mvp/sentinel2/2026/S2C_MSIL2A_20260301T033701_R061_T47PNL_20260301T091613/B8_10m.tif;data/satellite/surat_thani_mvp/sentinel2/2026/S2C_MSIL2A_20260301T033701_R061_T47PNL_20260301T091613/B11_20m.tif;data/satellite/surat_thani_mvp/sentinel2/2026/S2C_MSIL2A_20260301T033701_R061_T47PNL_20260301T091613/SCL_20m.tif,1991273,B2_10m.tif:5ce0130243b7406303fd38b4e44c0450b5a35ca59ebb3c7f8b7b3789a3d86475;B3_10m.tif:fc3d5bc992bcc6521bb6878177fd287fe57937e707e363b2ddc956513ff8e988;B4_10m.tif:cc6789f929ca869f1bd59fe1cd3b4cbfdbc802f157637930f309a4609a1c73d9;B8_10m.tif:02a25f357e6d5d2cf994ebb3bb23903ff4ab20002e5b5009d4deb6c454b6792c;B11_20m.tif:f7a5fa5e30fd2cbd458b0677b0077ca14f370225ff697f0bde2d5f5806a756c5;SCL_20m.tif:67fb2826b80952a2b3570a6b6811a1dd041aaf8a6daa2fad254205371802003f,provider=Microsoft Planetary Computer; yearly paginated STAC search; AOI coverage=1.000; dry/same-season preference; AOI bad-quality=0.00%,downloaded-pending-raster-validation,https://hydro.navy.mi.th/storage/frontend/article/23019/file/th/KP2026msl.pdf,linear_between_predictions,37.0,official_pdf_parsed_word_coordinates
sentinel2,S2B_MSIL2A_20260405T033539_R061_T47PNL_20260405T072236,Sentinel-2B,2026-04-05T03:35:39.024000Z,2026-04-05T10:35:39.024000+07:00,2.0521,0.0000,Ko Prap,-0.441,MSL,predicted_interpolated,https://planetarycomputer.microsoft.com/api/stac/v1/collections/sentinel-2-l2a/items/S2B_MSIL2A_20260405T033539_R061_T47PNL_20260405T072236,"Copernicus Sentinel Data Legal Notice - free, full and open access",EPSG:32647,10/20,B2;B3;B4;B8;B11;SCL,data/satellite/surat_thani_mvp/sentinel2/2026/S2B_MSIL2A_20260405T033539_R061_T47PNL_20260405T072236/B2_10m.tif;data/satellite/surat_thani_mvp/sentinel2/2026/S2B_MSIL2A_20260405T033539_R061_T47PNL_20260405T072236/B3_10m.tif;data/satellite/surat_thani_mvp/sentinel2/2026/S2B_MSIL2A_20260405T033539_R061_T47PNL_20260405T072236/B4_10m.tif;data/satellite/surat_thani_mvp/sentinel2/2026/S2B_MSIL2A_20260405T033539_R061_T47PNL_20260405T072236/B8_10m.tif;data/satellite/surat_thani_mvp/sentinel2/2026/S2B_MSIL2A_20260405T033539_R061_T47PNL_20260405T072236/B11_20m.tif;data/satellite/surat_thani_mvp/sentinel2/2026/S2B_MSIL2A_20260405T033539_R061_T47PNL_20260405T072236/SCL_20m.tif,2056669,B2_10m.tif:3f083357b6965533a1730b42314ee51139c1063aece0ecd0b53cf6dce81ce69c;B3_10m.tif:c096540041d59a4f374e1aed57f494f1d477cf10fe83ffa8196b9dda7e2fb81d;B4_10m.tif:9b297d64ba177052a0c741eb30232c6040bd35660b2f1254581f12074d2bf409;B8_10m.tif:67624dcad217c49230b3ebdcc04a227dc7e84ed23f7546ec34506683d3f8809f;B11_20m.tif:6bff09851c9f1b5537900c315d718f97d13a75ac8b0baf53a08a0d9137d64a11;SCL_20m.tif:551c52b29e4c9e2732e42dce701c4937e32512aa6f472a4fc4ce72af2a815531,provider=Microsoft Planetary Computer; yearly paginated STAC search; AOI coverage=1.000; dry/same-season preference; AOI bad-quality=0.00%,downloaded-pending-raster-validation,https://hydro.navy.mi.th/storage/frontend/article/23019/file/th/KP2026msl.pdf,linear_between_predictions,35.7,official_pdf_parsed_word_coordinates
sentinel2,S2C_MSIL2A_20260430T033541_R061_T47PNL_20260430T081812,Sentinel-2C,2026-04-30T03:35:41.025000Z,2026-04-30T10:35:41.025000+07:00,18.4075,0.0000,Ko Prap,-0.100,MSL,predicted_interpolated,https://planetarycomputer.microsoft.com/api/stac/v1/collections/sentinel-2-l2a/items/S2C_MSIL2A_20260430T033541_R061_T47PNL_20260430T081812,"Copernicus Sentinel Data Legal Notice - free, full and open access",EPSG:32647,10/20,B2;B3;B4;B8;B11;SCL,data/satellite/surat_thani_mvp/sentinel2/2026/S2C_MSIL2A_20260430T033541_R061_T47PNL_20260430T081812/B2_10m.tif;data/satellite/surat_thani_mvp/sentinel2/2026/S2C_MSIL2A_20260430T033541_R061_T47PNL_20260430T081812/B3_10m.tif;data/satellite/surat_thani_mvp/sentinel2/2026/S2C_MSIL2A_20260430T033541_R061_T47PNL_20260430T081812/B4_10m.tif;data/satellite/surat_thani_mvp/sentinel2/2026/S2C_MSIL2A_20260430T033541_R061_T47PNL_20260430T081812/B8_10m.tif;data/satellite/surat_thani_mvp/sentinel2/2026/S2C_MSIL2A_20260430T033541_R061_T47PNL_20260430T081812/B11_20m.tif;data/satellite/surat_thani_mvp/sentinel2/2026/S2C_MSIL2A_20260430T033541_R061_T47PNL_20260430T081812/SCL_20m.tif,2081187,B2_10m.tif:52b19869d54f57e2a62b491297b0962cbc1e6edff35d1a7624b6854882401687;B3_10m.tif:1318caf0ad53c35e073874374109b1a50f0b41c2e3c1c5439beaa05e1770f2a4;B4_10m.tif:68d697758d552db0738f563c47e927bf209f81118e08f2fa30838b81b8d3e7a8;B8_10m.tif:19a06a6a73741947325d1c18a77db35c17459adce1450b8cfb38613589087b9e;B11_20m.tif:ed617a7c93d33f000514c3356583c206c07de5ae7b92154d1a2bd61de7453afa;SCL_20m.tif:07ff4b4b0a6718c5ca6d7c65e483743bc9519b86462a0a73da8e07676058c01c,provider=Microsoft Planetary Computer; yearly paginated STAC search; AOI coverage=1.000; dry/same-season preference; AOI bad-quality=0.00%,downloaded-pending-raster-validation,https://hydro.navy.mi.th/storage/frontend/article/23019/file/th/KP2026msl.pdf,linear_between_predictions,35.7,official_pdf_parsed_word_coordinates
