dataset,scene_id,sensor,acquisition_datetime_utc,acquisition_datetime_bangkok,cloud_cover_scene,cloud_cover_aoi,tide_station,tide_level,tide_datum,tide_status,source_url,source_license,crs,resolution_m,bands,local_path,file_size_bytes,sha256,selection_reason,qa_status
sentinel1,S1A_IW_GRDH_1SDV_20230201T113617_20230201T113642_047042_05A48C,SENTINEL-1A,2023-02-01T11:36:30.185562Z,2023-02-01T18:36:30.185562+07:00,,,,,,unverified,https://planetarycomputer.microsoft.com/api/stac/v1/collections/sentinel-1-grd/items/S1A_IW_GRDH_1SDV_20230201T113617_20230201T113642_047042_05A48C,"Copernicus Sentinel Data Legal Notice - free, full and open access",EPSG:32647,10 pixel spacing (GRD),VV;VH,data/satellite/surat_thani_s1_corroboration/sentinel1/2023/S1A_IW_GRDH_1SDV_20230201T113617_20230201T113642_047042_05A48C/VV_10m.tif;data/satellite/surat_thani_s1_corroboration/sentinel1/2023/S1A_IW_GRDH_1SDV_20230201T113617_20230201T113642_047042_05A48C/VH_10m.tif,799441,VV_10m.tif:12a65337aa728bad6597119ac7a94222e720e0f5e1826b0eaa7c69278ecd8192;VH_10m.tif:0a958a95ac75d365338e571ddbf57b804d599ee0f479e9d2c47dada916dcf4bd,provider=Microsoft Planetary Computer; yearly paginated STAC search; AOI coverage=1.000,downloaded-pending-raster-validation
sentinel1,S1A_IW_GRDH_1SDV_20230224T231041_20230224T231106_047384_05B01B,SENTINEL-1A,2023-02-24T23:10:54.333379Z,2023-02-25T06:10:54.333379+07:00,,,,,,unverified,https://planetarycomputer.microsoft.com/api/stac/v1/collections/sentinel-1-grd/items/S1A_IW_GRDH_1SDV_20230224T231041_20230224T231106_047384_05B01B,"Copernicus Sentinel Data Legal Notice - free, full and open access",EPSG:32647,10 pixel spacing (GRD),VV;VH,data/satellite/surat_thani_s1_corroboration/sentinel1/2023/S1A_IW_GRDH_1SDV_20230224T231041_20230224T231106_047384_05B01B/VV_10m.tif;data/satellite/surat_thani_s1_corroboration/sentinel1/2023/S1A_IW_GRDH_1SDV_20230224T231041_20230224T231106_047384_05B01B/VH_10m.tif,774058,VV_10m.tif:0d5b6219518f954c882f94f7393c93c0b2b45414a90d4506b9d782c336e65eb3;VH_10m.tif:6bb96cf6070ce09059d2d1447f8a761e9782187f42503f789daa71d202be2e6d,provider=Microsoft Planetary Computer; yearly paginated STAC search; AOI coverage=1.000,downloaded-pending-raster-validation
sentinel1,S1A_IW_GRDH_1SDV_20230309T113616_20230309T113641_047567_05B649,SENTINEL-1A,2023-03-09T11:36:29.363261Z,2023-03-09T18:36:29.363261+07:00,,,,,,unverified,https://planetarycomputer.microsoft.com/api/stac/v1/collections/sentinel-1-grd/items/S1A_IW_GRDH_1SDV_20230309T113616_20230309T113641_047567_05B649,"Copernicus Sentinel Data Legal Notice - free, full and open access",EPSG:32647,10 pixel spacing (GRD),VV;VH,data/satellite/surat_thani_s1_corroboration/sentinel1/2023/S1A_IW_GRDH_1SDV_20230309T113616_20230309T113641_047567_05B649/VV_10m.tif;data/satellite/surat_thani_s1_corroboration/sentinel1/2023/S1A_IW_GRDH_1SDV_20230309T113616_20230309T113641_047567_05B649/VH_10m.tif,811277,VV_10m.tif:dbf92d496d62674446d8d5f0d4d1d705d6c7c242313fc6980bc1dfb3eb688acc;VH_10m.tif:7548308eef323d97552fb88d7c0db064ebffcdfa5c5615d14231a0a6b78a8ff2,provider=Microsoft Planetary Computer; yearly paginated STAC search; AOI coverage=1.000,downloaded-pending-raster-validation
sentinel1,S1A_IW_GRDH_1SDV_20230401T231042_20230401T231107_047909_05C1CF,SENTINEL-1A,2023-04-01T23:10:54.952238Z,2023-04-02T06:10:54.952238+07:00,,,,,,unverified,https://planetarycomputer.microsoft.com/api/stac/v1/collections/sentinel-1-grd/items/S1A_IW_GRDH_1SDV_20230401T231042_20230401T231107_047909_05C1CF,"Copernicus Sentinel Data Legal Notice - free, full and open access",EPSG:32647,10 pixel spacing (GRD),VV;VH,data/satellite/surat_thani_s1_corroboration/sentinel1/2023/S1A_IW_GRDH_1SDV_20230401T231042_20230401T231107_047909_05C1CF/VV_10m.tif;data/satellite/surat_thani_s1_corroboration/sentinel1/2023/S1A_IW_GRDH_1SDV_20230401T231042_20230401T231107_047909_05C1CF/VH_10m.tif,767130,VV_10m.tif:4e3c2dc226bf027052a9e9c0d1a5c79e9e94f95d24a49898aef6f769ced7c261;VH_10m.tif:6027cc021b40bd24b310f3a6a59bd7b7a31466718b97c7a07e36594dea15da23,provider=Microsoft Planetary Computer; yearly paginated STAC search; AOI coverage=1.000,downloaded-pending-raster-validation
sentinel1,S1A_IW_GRDH_1SDV_20230413T231042_20230413T231107_048084_05C7BE,SENTINEL-1A,2023-04-13T23:10:55.372070Z,2023-04-14T06:10:55.372070+07:00,,,,,,unverified,https://planetarycomputer.microsoft.com/api/stac/v1/collections/sentinel-1-grd/items/S1A_IW_GRDH_1SDV_20230413T231042_20230413T231107_048084_05C7BE,"Copernicus Sentinel Data Legal Notice - free, full and open access",EPSG:32647,10 pixel spacing (GRD),VV;VH,data/satellite/surat_thani_s1_corroboration/sentinel1/2023/S1A_IW_GRDH_1SDV_20230413T231042_20230413T231107_048084_05C7BE/VV_10m.tif;data/satellite/surat_thani_s1_corroboration/sentinel1/2023/S1A_IW_GRDH_1SDV_20230413T231042_20230413T231107_048084_05C7BE/VH_10m.tif,767121,VV_10m.tif:f8bd96012721d98a939636c9a71af9e42ee128a12853b15317f71a13cb521f69;VH_10m.tif:9bd3ce540752f4f3c74b65c0304c38a75f79d71f7b0451b1dada7b02b5fb5f14,provider=Microsoft Planetary Computer; yearly paginated STAC search; AOI coverage=1.000,downloaded-pending-raster-validation
sentinel1,S1A_IW_GRDH_1SDV_20230426T113618_20230426T113643_048267_05CDE0,SENTINEL-1A,2023-04-26T11:36:30.817424Z,2023-04-26T18:36:30.817424+07:00,,,,,,unverified,https://planetarycomputer.microsoft.com/api/stac/v1/collections/sentinel-1-grd/items/S1A_IW_GRDH_1SDV_20230426T113618_20230426T113643_048267_05CDE0,"Copernicus Sentinel Data Legal Notice - free, full and open access",EPSG:32647,10 pixel spacing (GRD),VV;VH,data/satellite/surat_thani_s1_corroboration/sentinel1/2023/S1A_IW_GRDH_1SDV_20230426T113618_20230426T113643_048267_05CDE0/VV_10m.tif;data/satellite/surat_thani_s1_corroboration/sentinel1/2023/S1A_IW_GRDH_1SDV_20230426T113618_20230426T113643_048267_05CDE0/VH_10m.tif,800792,VV_10m.tif:64e35babe913cb9f7cb88ae6981c656d6e514ae57a060ccb2e91229898feca4e;VH_10m.tif:a55c2c1da7e5e92c1a4103fca7b6152bea8d6b7c29c1f4e3336e645a21eb8a63,provider=Microsoft Planetary Computer; yearly paginated STAC search; AOI coverage=1.000,downloaded-pending-raster-validation
sentinel1,S1A_IW_GRDH_1SDV_20230508T113619_20230508T113644_048442_05D3BC,SENTINEL-1A,2023-05-08T11:36:31.575255Z,2023-05-08T18:36:31.575255+07:00,,,,,,unverified,https://planetarycomputer.microsoft.com/api/stac/v1/collections/sentinel-1-grd/items/S1A_IW_GRDH_1SDV_20230508T113619_20230508T113644_048442_05D3BC,"Copernicus Sentinel Data Legal Notice - free, full and open access",EPSG:32647,10 pixel spacing (GRD),VV;VH,data/satellite/surat_thani_s1_corroboration/sentinel1/2023/S1A_IW_GRDH_1SDV_20230508T113619_20230508T113644_048442_05D3BC/VV_10m.tif;data/satellite/surat_thani_s1_corroboration/sentinel1/2023/S1A_IW_GRDH_1SDV_20230508T113619_20230508T113644_048442_05D3BC/VH_10m.tif,795095,VV_10m.tif:95892435fa29f5a1ea203543b0c273877425764b8b3784530b0a5c50bbfb60b1;VH_10m.tif:79b06011dca0594be43a46c6c575073e13953b696df85289290165672d019f3c,provider=Microsoft Planetary Computer; yearly paginated STAC search; AOI coverage=1.000,downloaded-pending-raster-validation
sentinel1,S1A_IW_GRDH_1SDV_20230601T113620_20230601T113645_048792_05DE21,SENTINEL-1A,2023-06-01T11:36:32.727422Z,2023-06-01T18:36:32.727422+07:00,,,,,,unverified,https://planetarycomputer.microsoft.com/api/stac/v1/collections/sentinel-1-grd/items/S1A_IW_GRDH_1SDV_20230601T113620_20230601T113645_048792_05DE21,"Copernicus Sentinel Data Legal Notice - free, full and open access",EPSG:32647,10 pixel spacing (GRD),VV;VH,data/satellite/surat_thani_s1_corroboration/sentinel1/2023/S1A_IW_GRDH_1SDV_20230601T113620_20230601T113645_048792_05DE21/VV_10m.tif;data/satellite/surat_thani_s1_corroboration/sentinel1/2023/S1A_IW_GRDH_1SDV_20230601T113620_20230601T113645_048792_05DE21/VH_10m.tif,801432,VV_10m.tif:70cc2e4787b1e9c99eb0de3ee4952acfbbcedff7b5fd0952245bea6b025cf383;VH_10m.tif:7fbdd970a10465ac482bdbe5e0e238d4292fd0eba4a74766d298d98543d27cc5,provider=Microsoft Planetary Computer; yearly paginated STAC search; AOI coverage=1.000,downloaded-pending-raster-validation
sentinel1,S1A_IW_GRDH_1SDV_20230624T231046_20230624T231111_049134_05E88A,SENTINEL-1A,2023-06-24T23:10:58.942930Z,2023-06-25T06:10:58.942930+07:00,,,,,,unverified,https://planetarycomputer.microsoft.com/api/stac/v1/collections/sentinel-1-grd/items/S1A_IW_GRDH_1SDV_20230624T231046_20230624T231111_049134_05E88A,"Copernicus Sentinel Data Legal Notice - free, full and open access",EPSG:32647,10 pixel spacing (GRD),VV;VH,data/satellite/surat_thani_s1_corroboration/sentinel1/2023/S1A_IW_GRDH_1SDV_20230624T231046_20230624T231111_049134_05E88A/VV_10m.tif;data/satellite/surat_thani_s1_corroboration/sentinel1/2023/S1A_IW_GRDH_1SDV_20230624T231046_20230624T231111_049134_05E88A/VH_10m.tif,768443,VV_10m.tif:0ea4350dce2d1ce5bc9a37c0c9b0b65d6562b9c8763743357aa1b6033ab6d335;VH_10m.tif:cf4f29cf6edf9ebdd05e9a7cd8fa23cba1311300422ea019649ae8c146997d06,provider=Microsoft Planetary Computer; yearly paginated STAC search; AOI coverage=1.000,downloaded-pending-raster-validation
sentinel1,S1A_IW_GRDH_1SDV_20230707T113622_20230707T113647_049317_05EE2D,SENTINEL-1A,2023-07-07T11:36:34.891716Z,2023-07-07T18:36:34.891716+07:00,,,,,,unverified,https://planetarycomputer.microsoft.com/api/stac/v1/collections/sentinel-1-grd/items/S1A_IW_GRDH_1SDV_20230707T113622_20230707T113647_049317_05EE2D,"Copernicus Sentinel Data Legal Notice - free, full and open access",EPSG:32647,10 pixel spacing (GRD),VV;VH,data/satellite/surat_thani_s1_corroboration/sentinel1/2023/S1A_IW_GRDH_1SDV_20230707T113622_20230707T113647_049317_05EE2D/VV_10m.tif;data/satellite/surat_thani_s1_corroboration/sentinel1/2023/S1A_IW_GRDH_1SDV_20230707T113622_20230707T113647_049317_05EE2D/VH_10m.tif,812837,VV_10m.tif:92015321078a5683a8e9e88ef8ace3dbe9a1dce32e3fd9ba250b85d4542fb68d;VH_10m.tif:bca062e1b98daf05a821d0eb2c9ead069f0994407761ca76896f9a85012be4b2,provider=Microsoft Planetary Computer; yearly paginated STAC search; AOI coverage=1.000,downloaded-pending-raster-validation
sentinel1,S1A_IW_GRDH_1SDV_20230730T231048_20230730T231113_049659_05F8B4,SENTINEL-1A,2023-07-30T23:11:00.947507Z,2023-07-31T06:11:00.947507+07:00,,,,,,unverified,https://planetarycomputer.microsoft.com/api/stac/v1/collections/sentinel-1-grd/items/S1A_IW_GRDH_1SDV_20230730T231048_20230730T231113_049659_05F8B4,"Copernicus Sentinel Data Legal Notice - free, full and open access",EPSG:32647,10 pixel spacing (GRD),VV;VH,data/satellite/surat_thani_s1_corroboration/sentinel1/2023/S1A_IW_GRDH_1SDV_20230730T231048_20230730T231113_049659_05F8B4/VV_10m.tif;data/satellite/surat_thani_s1_corroboration/sentinel1/2023/S1A_IW_GRDH_1SDV_20230730T231048_20230730T231113_049659_05F8B4/VH_10m.tif,782642,VV_10m.tif:9952406e9cbcd58dea20adc5fba18db08e0b922f7cb0062930f44c82d9ce853d;VH_10m.tif:831e058ac425b0f38ac222945982f3f8c633d5882d0bed0a04c4d36cef434b55,provider=Microsoft Planetary Computer; yearly paginated STAC search; AOI coverage=1.000,downloaded-pending-raster-validation
sentinel1,S1A_IW_GRDH_1SDV_20230823T231049_20230823T231114_050009_060444,SENTINEL-1A,2023-08-23T23:11:02.184933Z,2023-08-24T06:11:02.184933+07:00,,,,,,unverified,https://planetarycomputer.microsoft.com/api/stac/v1/collections/sentinel-1-grd/items/S1A_IW_GRDH_1SDV_20230823T231049_20230823T231114_050009_060444,"Copernicus Sentinel Data Legal Notice - free, full and open access",EPSG:32647,10 pixel spacing (GRD),VV;VH,data/satellite/surat_thani_s1_corroboration/sentinel1/2023/S1A_IW_GRDH_1SDV_20230823T231049_20230823T231114_050009_060444/VV_10m.tif;data/satellite/surat_thani_s1_corroboration/sentinel1/2023/S1A_IW_GRDH_1SDV_20230823T231049_20230823T231114_050009_060444/VH_10m.tif,770968,VV_10m.tif:b88a7226040c7212f915a34db0961336684fd919fc760af11320d2ec37aa44bb;VH_10m.tif:dab9c9eced065c8417107e429172963f5c589497a9df7117a9af657f7aaee00f,provider=Microsoft Planetary Computer; yearly paginated STAC search; AOI coverage=1.000,downloaded-pending-raster-validation
sentinel1,S1A_IW_GRDH_1SDV_20230904T231050_20230904T231115_050184_060A49,SENTINEL-1A,2023-09-04T23:11:03.058234Z,2023-09-05T06:11:03.058234+07:00,,,,,,unverified,https://planetarycomputer.microsoft.com/api/stac/v1/collections/sentinel-1-grd/items/S1A_IW_GRDH_1SDV_20230904T231050_20230904T231115_050184_060A49,"Copernicus Sentinel Data Legal Notice - free, full and open access",EPSG:32647,10 pixel spacing (GRD),VV;VH,data/satellite/surat_thani_s1_corroboration/sentinel1/2023/S1A_IW_GRDH_1SDV_20230904T231050_20230904T231115_050184_060A49/VV_10m.tif;data/satellite/surat_thani_s1_corroboration/sentinel1/2023/S1A_IW_GRDH_1SDV_20230904T231050_20230904T231115_050184_060A49/VH_10m.tif,773952,VV_10m.tif:94829d71e3eacff7d817f922faf3692bb1611d6853b5b7f026fca439ae43a0d5;VH_10m.tif:bd8d31be9a03e804f74ff777b8357216ab37e89c70064209f9fb7f63e817c428,provider=Microsoft Planetary Computer; yearly paginated STAC search; AOI coverage=1.000,downloaded-pending-raster-validation
sentinel1,S1A_IW_GRDH_1SDV_20230917T113626_20230917T113651_050367_061077,SENTINEL-1A,2023-09-17T11:36:38.755269Z,2023-09-17T18:36:38.755269+07:00,,,,,,unverified,https://planetarycomputer.microsoft.com/api/stac/v1/collections/sentinel-1-grd/items/S1A_IW_GRDH_1SDV_20230917T113626_20230917T113651_050367_061077,"Copernicus Sentinel Data Legal Notice - free, full and open access",EPSG:32647,10 pixel spacing (GRD),VV;VH,data/satellite/surat_thani_s1_corroboration/sentinel1/2023/S1A_IW_GRDH_1SDV_20230917T113626_20230917T113651_050367_061077/VV_10m.tif;data/satellite/surat_thani_s1_corroboration/sentinel1/2023/S1A_IW_GRDH_1SDV_20230917T113626_20230917T113651_050367_061077/VH_10m.tif,826764,VV_10m.tif:96cb7c6c6b91abfa182ac4059e05cc2707ef193b997511ecfe376d416ac39a44;VH_10m.tif:08780ece4261b8fd9794cc316e3c9f42e96ee6a768f64d69c4e2ae1eeb97ad67,provider=Microsoft Planetary Computer; yearly paginated STAC search; AOI coverage=1.000,downloaded-pending-raster-validation
sentinel1,S1A_IW_GRDH_1SDV_20230929T113626_20230929T113651_050542_061671,SENTINEL-1A,2023-09-29T11:36:38.971600Z,2023-09-29T18:36:38.971600+07:00,,,,,,unverified,https://planetarycomputer.microsoft.com/api/stac/v1/collections/sentinel-1-grd/items/S1A_IW_GRDH_1SDV_20230929T113626_20230929T113651_050542_061671,"Copernicus Sentinel Data Legal Notice - free, full and open access",EPSG:32647,10 pixel spacing (GRD),VV;VH,data/satellite/surat_thani_s1_corroboration/sentinel1/2023/S1A_IW_GRDH_1SDV_20230929T113626_20230929T113651_050542_061671/VV_10m.tif;data/satellite/surat_thani_s1_corroboration/sentinel1/2023/S1A_IW_GRDH_1SDV_20230929T113626_20230929T113651_050542_061671/VH_10m.tif,796434,VV_10m.tif:b17c66694aa6b8c5b58e6a0717560244ae64bc30c29e909fd4edc838916bec61;VH_10m.tif:839568ab3e8de4c9c79caf764084a269c772a9f58734ba030d95dc57812821a3,provider=Microsoft Planetary Computer; yearly paginated STAC search; AOI coverage=1.000,downloaded-pending-raster-validation
sentinel1,S1A_IW_GRDH_1SDV_20231022T231051_20231022T231116_050884_062226,SENTINEL-1A,2023-10-22T23:11:03.907411Z,2023-10-23T06:11:03.907411+07:00,,,,,,unverified,https://planetarycomputer.microsoft.com/api/stac/v1/collections/sentinel-1-grd/items/S1A_IW_GRDH_1SDV_20231022T231051_20231022T231116_050884_062226,"Copernicus Sentinel Data Legal Notice - free, full and open access",EPSG:32647,10 pixel spacing (GRD),VV;VH,data/satellite/surat_thani_s1_corroboration/sentinel1/2023/S1A_IW_GRDH_1SDV_20231022T231051_20231022T231116_050884_062226/VV_10m.tif;data/satellite/surat_thani_s1_corroboration/sentinel1/2023/S1A_IW_GRDH_1SDV_20231022T231051_20231022T231116_050884_062226/VH_10m.tif,774446,VV_10m.tif:48d18b863ddfd509f946f1fde31efa22e267bbdd6e41f843f58827cbe237e3fb;VH_10m.tif:d6bcb21a8b90e711148547b712d01257282a4a52dbaecd8a8f873e29fdd8a4c3,provider=Microsoft Planetary Computer; yearly paginated STAC search; AOI coverage=1.000,downloaded-pending-raster-validation
sentinel1,S1A_IW_GRDH_1SDV_20231103T231050_20231103T231115_051059_062827,SENTINEL-1A,2023-11-03T23:11:03.387431Z,2023-11-04T06:11:03.387431+07:00,,,,,,unverified,https://planetarycomputer.microsoft.com/api/stac/v1/collections/sentinel-1-grd/items/S1A_IW_GRDH_1SDV_20231103T231050_20231103T231115_051059_062827,"Copernicus Sentinel Data Legal Notice - free, full and open access",EPSG:32647,10 pixel spacing (GRD),VV;VH,data/satellite/surat_thani_s1_corroboration/sentinel1/2023/S1A_IW_GRDH_1SDV_20231103T231050_20231103T231115_051059_062827/VV_10m.tif;data/satellite/surat_thani_s1_corroboration/sentinel1/2023/S1A_IW_GRDH_1SDV_20231103T231050_20231103T231115_051059_062827/VH_10m.tif,779046,VV_10m.tif:7793403a0d6c01ebb39b8590e914bd1867bf82889d222b6535d92a50a46ed60b;VH_10m.tif:5350aaf39065adeacca13b2027e01d5e2f27257f59042a7cadf2cfc6654cba6d,provider=Microsoft Planetary Computer; yearly paginated STAC search; AOI coverage=1.000,downloaded-pending-raster-validation
sentinel1,S1A_IW_GRDH_1SDV_20231116T113625_20231116T113650_051242_062E75,SENTINEL-1A,2023-11-16T11:36:38.436467Z,2023-11-16T18:36:38.436467+07:00,,,,,,unverified,https://planetarycomputer.microsoft.com/api/stac/v1/collections/sentinel-1-grd/items/S1A_IW_GRDH_1SDV_20231116T113625_20231116T113650_051242_062E75,"Copernicus Sentinel Data Legal Notice - free, full and open access",EPSG:32647,10 pixel spacing (GRD),VV;VH,data/satellite/surat_thani_s1_corroboration/sentinel1/2023/S1A_IW_GRDH_1SDV_20231116T113625_20231116T113650_051242_062E75/VV_10m.tif;data/satellite/surat_thani_s1_corroboration/sentinel1/2023/S1A_IW_GRDH_1SDV_20231116T113625_20231116T113650_051242_062E75/VH_10m.tif,815509,VV_10m.tif:63480dfae4cfa961668c514d6ffbef0532d4b5f32614d97083060d6b8b971bf8;VH_10m.tif:26e8b58be3a759702e7a46a909e2be4d03b99a3c8375407efa01ad68e202eaba,provider=Microsoft Planetary Computer; yearly paginated STAC search; AOI coverage=1.000,downloaded-pending-raster-validation
sentinel1,S1A_IW_GRDH_1SDV_20231209T231049_20231209T231114_051584_063A4C,SENTINEL-1A,2023-12-09T23:11:02.442892Z,2023-12-10T06:11:02.442892+07:00,,,,,,unverified,https://planetarycomputer.microsoft.com/api/stac/v1/collections/sentinel-1-grd/items/S1A_IW_GRDH_1SDV_20231209T231049_20231209T231114_051584_063A4C,"Copernicus Sentinel Data Legal Notice - free, full and open access",EPSG:32647,10 pixel spacing (GRD),VV;VH,data/satellite/surat_thani_s1_corroboration/sentinel1/2023/S1A_IW_GRDH_1SDV_20231209T231049_20231209T231114_051584_063A4C/VV_10m.tif;data/satellite/surat_thani_s1_corroboration/sentinel1/2023/S1A_IW_GRDH_1SDV_20231209T231049_20231209T231114_051584_063A4C/VH_10m.tif,780473,VV_10m.tif:adc1a0cdd4e3892d7c98ef44235962c8a4bbd6f641569ade802e95a118b202cc;VH_10m.tif:a29fecd71adc0cba22ae9cca79a0689a9702808c70fb5930114594b9c67f58e2,provider=Microsoft Planetary Computer; yearly paginated STAC search; AOI coverage=1.000,downloaded-pending-raster-validation
sentinel1,S1A_IW_GRDH_1SDV_20231222T113623_20231222T113648_051767_0640AA,SENTINEL-1A,2023-12-22T11:36:36.476781Z,2023-12-22T18:36:36.476781+07:00,,,,,,unverified,https://planetarycomputer.microsoft.com/api/stac/v1/collections/sentinel-1-grd/items/S1A_IW_GRDH_1SDV_20231222T113623_20231222T113648_051767_0640AA,"Copernicus Sentinel Data Legal Notice - free, full and open access",EPSG:32647,10 pixel spacing (GRD),VV;VH,data/satellite/surat_thani_s1_corroboration/sentinel1/2023/S1A_IW_GRDH_1SDV_20231222T113623_20231222T113648_051767_0640AA/VV_10m.tif;data/satellite/surat_thani_s1_corroboration/sentinel1/2023/S1A_IW_GRDH_1SDV_20231222T113623_20231222T113648_051767_0640AA/VH_10m.tif,810976,VV_10m.tif:0a8ec196c1594ebbde80dd25950cfe1d7ea7fedd793e1b08382fe3fef7db5f5c;VH_10m.tif:217d2684874e6801df71adff1258d2658b269863914181273c31b3da69f315d2,provider=Microsoft Planetary Computer; yearly paginated STAC search; AOI coverage=1.000,downloaded-pending-raster-validation
sentinel1,S1A_IW_GRDH_1SDV_20240102T231048_20240102T231113_051934_064661,SENTINEL-1A,2024-01-02T23:11:00.763945Z,2024-01-03T06:11:00.763945+07:00,,,,,,unverified,https://planetarycomputer.microsoft.com/api/stac/v1/collections/sentinel-1-grd/items/S1A_IW_GRDH_1SDV_20240102T231048_20240102T231113_051934_064661,"Copernicus Sentinel Data Legal Notice - free, full and open access",EPSG:32647,10 pixel spacing (GRD),VV;VH,data/satellite/surat_thani_s1_corroboration/sentinel1/2024/S1A_IW_GRDH_1SDV_20240102T231048_20240102T231113_051934_064661/VV_10m.tif;data/satellite/surat_thani_s1_corroboration/sentinel1/2024/S1A_IW_GRDH_1SDV_20240102T231048_20240102T231113_051934_064661/VH_10m.tif,775913,VV_10m.tif:dd0643d35be00d159c380b2fc52781bf8e32321377da17e723eb27adbdc908e3;VH_10m.tif:05414ea88e88687ed8a17501b99a15fb50fa686eabeff46fac0c80583c17c4b8,provider=Microsoft Planetary Computer; yearly paginated STAC search; AOI coverage=1.000,downloaded-pending-raster-validation
sentinel1,S1A_IW_GRDH_1SDV_20240115T113622_20240115T113647_052117_064C9D,SENTINEL-1A,2024-01-15T11:36:35.311429Z,2024-01-15T18:36:35.311429+07:00,,,,,,unverified,https://planetarycomputer.microsoft.com/api/stac/v1/collections/sentinel-1-grd/items/S1A_IW_GRDH_1SDV_20240115T113622_20240115T113647_052117_064C9D,"Copernicus Sentinel Data Legal Notice - free, full and open access",EPSG:32647,10 pixel spacing (GRD),VV;VH,data/satellite/surat_thani_s1_corroboration/sentinel1/2024/S1A_IW_GRDH_1SDV_20240115T113622_20240115T113647_052117_064C9D/VV_10m.tif;data/satellite/surat_thani_s1_corroboration/sentinel1/2024/S1A_IW_GRDH_1SDV_20240115T113622_20240115T113647_052117_064C9D/VH_10m.tif,807152,VV_10m.tif:ad2a3a7322d9b77b2810aa6b8adaf4927aff6b8c70d383598c02fdbb29fd66ac;VH_10m.tif:f8dc3a2641b892ba7b0860454af4eaf7988627da2683b5be94cc1791a6ba9191,provider=Microsoft Planetary Computer; yearly paginated STAC search; AOI coverage=1.000,downloaded-pending-raster-validation
sentinel1,S1A_IW_GRDH_1SDV_20240127T113622_20240127T113647_052292_065280,SENTINEL-1A,2024-01-27T11:36:35.213323Z,2024-01-27T18:36:35.213323+07:00,,,,,,unverified,https://planetarycomputer.microsoft.com/api/stac/v1/collections/sentinel-1-grd/items/S1A_IW_GRDH_1SDV_20240127T113622_20240127T113647_052292_065280,"Copernicus Sentinel Data Legal Notice - free, full and open access",EPSG:32647,10 pixel spacing (GRD),VV;VH,data/satellite/surat_thani_s1_corroboration/sentinel1/2024/S1A_IW_GRDH_1SDV_20240127T113622_20240127T113647_052292_065280/VV_10m.tif;data/satellite/surat_thani_s1_corroboration/sentinel1/2024/S1A_IW_GRDH_1SDV_20240127T113622_20240127T113647_052292_065280/VH_10m.tif,811961,VV_10m.tif:6ceb68e5bd775c1f76d59e4439edd5671ae8a52cab18176341a1e33fa0ad952c;VH_10m.tif:d5a971a9e02f69e8f7eda3f7df799b02d7d6867fa117485b1f83ef9002c01271,provider=Microsoft Planetary Computer; yearly paginated STAC search; AOI coverage=1.000,downloaded-pending-raster-validation
sentinel1,S1A_IW_GRDH_1SDV_20240302T231047_20240302T231112_052809_06640D,SENTINEL-1A,2024-03-02T23:10:59.661171Z,2024-03-03T06:10:59.661171+07:00,,,,,,unverified,https://planetarycomputer.microsoft.com/api/stac/v1/collections/sentinel-1-grd/items/S1A_IW_GRDH_1SDV_20240302T231047_20240302T231112_052809_06640D,"Copernicus Sentinel Data Legal Notice - free, full and open access",EPSG:32647,10 pixel spacing (GRD),VV;VH,data/satellite/surat_thani_s1_corroboration/sentinel1/2024/S1A_IW_GRDH_1SDV_20240302T231047_20240302T231112_052809_06640D/VV_10m.tif;data/satellite/surat_thani_s1_corroboration/sentinel1/2024/S1A_IW_GRDH_1SDV_20240302T231047_20240302T231112_052809_06640D/VH_10m.tif,768960,VV_10m.tif:09aaf61b1c50533ae3df3639828c6a7d9f4936f4832c831fb438358c7d39d0ca;VH_10m.tif:7be2a8addf88c278af272a24559119961d814c9cf5f4d1d56a9a728cff01586a,provider=Microsoft Planetary Computer; yearly paginated STAC search; AOI coverage=1.000,downloaded-pending-raster-validation
sentinel1,S1A_IW_GRDH_1SDV_20240315T113622_20240315T113647_052992_066A52,SENTINEL-1A,2024-03-15T11:36:34.862494Z,2024-03-15T18:36:34.862494+07:00,,,,,,unverified,https://planetarycomputer.microsoft.com/api/stac/v1/collections/sentinel-1-grd/items/S1A_IW_GRDH_1SDV_20240315T113622_20240315T113647_052992_066A52,"Copernicus Sentinel Data Legal Notice - free, full and open access",EPSG:32647,10 pixel spacing (GRD),VV;VH,data/satellite/surat_thani_s1_corroboration/sentinel1/2024/S1A_IW_GRDH_1SDV_20240315T113622_20240315T113647_052992_066A52/VV_10m.tif;data/satellite/surat_thani_s1_corroboration/sentinel1/2024/S1A_IW_GRDH_1SDV_20240315T113622_20240315T113647_052992_066A52/VH_10m.tif,808638,VV_10m.tif:95b92a45d4df5fa639082e5313dd0ac571020332039bf127ad2e8306dd77d629;VH_10m.tif:afffccb8b9681d5a8bb9844add4fb44ae3235512853d9d05b81058d31ab14d4b,provider=Microsoft Planetary Computer; yearly paginated STAC search; AOI coverage=1.000,downloaded-pending-raster-validation
sentinel1,S1A_IW_GRDH_1SDV_20240327T113622_20240327T113647_053167_067104,SENTINEL-1A,2024-03-27T11:36:34.856586Z,2024-03-27T18:36:34.856586+07:00,,,,,,unverified,https://planetarycomputer.microsoft.com/api/stac/v1/collections/sentinel-1-grd/items/S1A_IW_GRDH_1SDV_20240327T113622_20240327T113647_053167_067104,"Copernicus Sentinel Data Legal Notice - free, full and open access",EPSG:32647,10 pixel spacing (GRD),VV;VH,data/satellite/surat_thani_s1_corroboration/sentinel1/2024/S1A_IW_GRDH_1SDV_20240327T113622_20240327T113647_053167_067104/VV_10m.tif;data/satellite/surat_thani_s1_corroboration/sentinel1/2024/S1A_IW_GRDH_1SDV_20240327T113622_20240327T113647_053167_067104/VH_10m.tif,808633,VV_10m.tif:a1c0770294346bf92b04441a0d6477d0e6df60935cabed6add220e2c19841cef;VH_10m.tif:32c5e28e65f735d16c4b4d928c4f3dc45d1283910e3ec30bdc83dffe3241d85a,provider=Microsoft Planetary Computer; yearly paginated STAC search; AOI coverage=1.000,downloaded-pending-raster-validation
sentinel1,S1A_IW_GRDH_1SDV_20240419T231048_20240419T231113_053509_067E6F,SENTINEL-1A,2024-04-19T23:11:00.714142Z,2024-04-20T06:11:00.714142+07:00,,,,,,unverified,https://planetarycomputer.microsoft.com/api/stac/v1/collections/sentinel-1-grd/items/S1A_IW_GRDH_1SDV_20240419T231048_20240419T231113_053509_067E6F,"Copernicus Sentinel Data Legal Notice - free, full and open access",EPSG:32647,10 pixel spacing (GRD),VV;VH,data/satellite/surat_thani_s1_corroboration/sentinel1/2024/S1A_IW_GRDH_1SDV_20240419T231048_20240419T231113_053509_067E6F/VV_10m.tif;data/satellite/surat_thani_s1_corroboration/sentinel1/2024/S1A_IW_GRDH_1SDV_20240419T231048_20240419T231113_053509_067E6F/VH_10m.tif,760664,VV_10m.tif:35f92610dbd722471c534e9472d02e18499414847df97476a69307608c87fe70;VH_10m.tif:4d2d88ecc46ec8d405366cb59b1e853ea2a966edeadbf499a6ee2f4f898e04eb,provider=Microsoft Planetary Computer; yearly paginated STAC search; AOI coverage=1.000,downloaded-pending-raster-validation
sentinel1,S1A_IW_GRDH_1SDV_20240502T113623_20240502T113648_053692_068599,SENTINEL-1A,2024-05-02T11:36:36.292875Z,2024-05-02T18:36:36.292875+07:00,,,,,,unverified,https://planetarycomputer.microsoft.com/api/stac/v1/collections/sentinel-1-grd/items/S1A_IW_GRDH_1SDV_20240502T113623_20240502T113648_053692_068599,"Copernicus Sentinel Data Legal Notice - free, full and open access",EPSG:32647,10 pixel spacing (GRD),VV;VH,data/satellite/surat_thani_s1_corroboration/sentinel1/2024/S1A_IW_GRDH_1SDV_20240502T113623_20240502T113648_053692_068599/VV_10m.tif;data/satellite/surat_thani_s1_corroboration/sentinel1/2024/S1A_IW_GRDH_1SDV_20240502T113623_20240502T113648_053692_068599/VH_10m.tif,805285,VV_10m.tif:83dbe9bf7b26dfa9f16e50df3024c64b54d1efbcc8a57476387a16eff35b6eb1;VH_10m.tif:6393a4894b80861c32dabcc8216c43a462b91c9239fcf423c12ab6625c8c7490,provider=Microsoft Planetary Computer; yearly paginated STAC search; AOI coverage=1.000,downloaded-pending-raster-validation
sentinel1,S1A_IW_GRDH_1SDV_20240525T231048_20240525T231119_054034_0691C8,SENTINEL-1A,2024-05-25T23:11:03.989366Z,2024-05-26T06:11:03.989366+07:00,,,,,,unverified,https://planetarycomputer.microsoft.com/api/stac/v1/collections/sentinel-1-grd/items/S1A_IW_GRDH_1SDV_20240525T231048_20240525T231119_054034_0691C8,"Copernicus Sentinel Data Legal Notice - free, full and open access",EPSG:32647,10 pixel spacing (GRD),VV;VH,data/satellite/surat_thani_s1_corroboration/sentinel1/2024/S1A_IW_GRDH_1SDV_20240525T231048_20240525T231119_054034_0691C8/VV_10m.tif;data/satellite/surat_thani_s1_corroboration/sentinel1/2024/S1A_IW_GRDH_1SDV_20240525T231048_20240525T231119_054034_0691C8/VH_10m.tif,756340,VV_10m.tif:a11527e34ba351cb408e5b5c4bf658e75d3f7c2ba26ff21270676988da972d2c;VH_10m.tif:ba9b1ef5432df1d334ee8bb1e09ca1205994abab40ce7c4c8839470217d696f9,provider=Microsoft Planetary Computer; yearly paginated STAC search; AOI coverage=1.000,downloaded-pending-raster-validation
sentinel1,S1A_IW_GRDH_1SDV_20240618T231047_20240618T231112_054384_069DE3,SENTINEL-1A,2024-06-18T23:10:59.802815Z,2024-06-19T06:10:59.802815+07:00,,,,,,unverified,https://planetarycomputer.microsoft.com/api/stac/v1/collections/sentinel-1-grd/items/S1A_IW_GRDH_1SDV_20240618T231047_20240618T231112_054384_069DE3,"Copernicus Sentinel Data Legal Notice - free, full and open access",EPSG:32647,10 pixel spacing (GRD),VV;VH,data/satellite/surat_thani_s1_corroboration/sentinel1/2024/S1A_IW_GRDH_1SDV_20240618T231047_20240618T231112_054384_069DE3/VV_10m.tif;data/satellite/surat_thani_s1_corroboration/sentinel1/2024/S1A_IW_GRDH_1SDV_20240618T231047_20240618T231112_054384_069DE3/VH_10m.tif,774399,VV_10m.tif:d3def97ca35d545c9ee8ef0b439c2e8099bf6c13cf1fbf12d176e5862b7a78f6;VH_10m.tif:15898a476ddf865dfe1fb05d8c85d2cf69885634ee65a5eb618dcb2d5d24993b,provider=Microsoft Planetary Computer; yearly paginated STAC search; AOI coverage=1.000,downloaded-pending-raster-validation
sentinel1,S1A_IW_GRDH_1SDV_20240630T231046_20240630T231117_054559_06A3FC,SENTINEL-1A,2024-06-30T23:11:02.195413Z,2024-07-01T06:11:02.195413+07:00,,,,,,unverified,https://planetarycomputer.microsoft.com/api/stac/v1/collections/sentinel-1-grd/items/S1A_IW_GRDH_1SDV_20240630T231046_20240630T231117_054559_06A3FC,"Copernicus Sentinel Data Legal Notice - free, full and open access",EPSG:32647,10 pixel spacing (GRD),VV;VH,data/satellite/surat_thani_s1_corroboration/sentinel1/2024/S1A_IW_GRDH_1SDV_20240630T231046_20240630T231117_054559_06A3FC/VV_10m.tif;data/satellite/surat_thani_s1_corroboration/sentinel1/2024/S1A_IW_GRDH_1SDV_20240630T231046_20240630T231117_054559_06A3FC/VH_10m.tif,768884,VV_10m.tif:7252a9f9bee0adeb60949d6ac0f8a06565e0d565d28f657ab380c3a4f688a91b;VH_10m.tif:a42246743f32712d16d23cb3c303304a8fe9ca8f646ad770608e2fbe6c067f69,provider=Microsoft Planetary Computer; yearly paginated STAC search; AOI coverage=1.000,downloaded-pending-raster-validation
sentinel1,S1A_IW_GRDH_1SDV_20240724T231045_20240724T231116_054909_06B027,SENTINEL-1A,2024-07-24T23:11:01.383077Z,2024-07-25T06:11:01.383077+07:00,,,,,,unverified,https://planetarycomputer.microsoft.com/api/stac/v1/collections/sentinel-1-grd/items/S1A_IW_GRDH_1SDV_20240724T231045_20240724T231116_054909_06B027,"Copernicus Sentinel Data Legal Notice - free, full and open access",EPSG:32647,10 pixel spacing (GRD),VV;VH,data/satellite/surat_thani_s1_corroboration/sentinel1/2024/S1A_IW_GRDH_1SDV_20240724T231045_20240724T231116_054909_06B027/VV_10m.tif;data/satellite/surat_thani_s1_corroboration/sentinel1/2024/S1A_IW_GRDH_1SDV_20240724T231045_20240724T231116_054909_06B027/VH_10m.tif,768039,VV_10m.tif:4b5a5c07380ccba4e0c648bf401bc491ba4c891ad5473d904e361c862eb1cfe4;VH_10m.tif:1896d582c060de2a2906a6d5921da839c52fb33e4e327dc114d0dbf69208685d,provider=Microsoft Planetary Computer; yearly paginated STAC search; AOI coverage=1.000,downloaded-pending-raster-validation
sentinel1,S1A_IW_GRDH_1SDV_20240818T113621_20240818T113646_055267_06BCD9,SENTINEL-1A,2024-08-18T11:36:33.852510Z,2024-08-18T18:36:33.852510+07:00,,,,,,unverified,https://planetarycomputer.microsoft.com/api/stac/v1/collections/sentinel-1-grd/items/S1A_IW_GRDH_1SDV_20240818T113621_20240818T113646_055267_06BCD9,"Copernicus Sentinel Data Legal Notice - free, full and open access",EPSG:32647,10 pixel spacing (GRD),VV;VH,data/satellite/surat_thani_s1_corroboration/sentinel1/2024/S1A_IW_GRDH_1SDV_20240818T113621_20240818T113646_055267_06BCD9/VV_10m.tif;data/satellite/surat_thani_s1_corroboration/sentinel1/2024/S1A_IW_GRDH_1SDV_20240818T113621_20240818T113646_055267_06BCD9/VH_10m.tif,796858,VV_10m.tif:99a0a65f142dbf852a9edd49a5e16e532ae8f49f0d720cac2fd849def36598ef;VH_10m.tif:8de90ec8b0d03962bbe370677ed3a5225031e4aaadee593e966a4bb40e637e27,provider=Microsoft Planetary Computer; yearly paginated STAC search; AOI coverage=1.000,downloaded-pending-raster-validation
sentinel1,S1A_IW_GRDH_1SDV_20240830T113621_20240830T113646_055442_06C350,SENTINEL-1A,2024-08-30T11:36:33.858794Z,2024-08-30T18:36:33.858794+07:00,,,,,,unverified,https://planetarycomputer.microsoft.com/api/stac/v1/collections/sentinel-1-grd/items/S1A_IW_GRDH_1SDV_20240830T113621_20240830T113646_055442_06C350,"Copernicus Sentinel Data Legal Notice - free, full and open access",EPSG:32647,10 pixel spacing (GRD),VV;VH,data/satellite/surat_thani_s1_corroboration/sentinel1/2024/S1A_IW_GRDH_1SDV_20240830T113621_20240830T113646_055442_06C350/VV_10m.tif;data/satellite/surat_thani_s1_corroboration/sentinel1/2024/S1A_IW_GRDH_1SDV_20240830T113621_20240830T113646_055442_06C350/VH_10m.tif,786278,VV_10m.tif:bdd4c70bac8635efbf747a7351c48989c779b8e46d0889d509c586764514d9fa;VH_10m.tif:e5e46cc3193a7bf3fbaba5ea66e1194c7f50b7750bd9b884ba51c126ed69490e,provider=Microsoft Planetary Computer; yearly paginated STAC search; AOI coverage=1.000,downloaded-pending-raster-validation
sentinel1,S1A_IW_GRDH_1SDV_20240923T113622_20240923T113647_055792_06D111,SENTINEL-1A,2024-09-23T11:36:34.686873Z,2024-09-23T18:36:34.686873+07:00,,,,,,unverified,https://planetarycomputer.microsoft.com/api/stac/v1/collections/sentinel-1-grd/items/S1A_IW_GRDH_1SDV_20240923T113622_20240923T113647_055792_06D111,"Copernicus Sentinel Data Legal Notice - free, full and open access",EPSG:32647,10 pixel spacing (GRD),VV;VH,data/satellite/surat_thani_s1_corroboration/sentinel1/2024/S1A_IW_GRDH_1SDV_20240923T113622_20240923T113647_055792_06D111/VV_10m.tif;data/satellite/surat_thani_s1_corroboration/sentinel1/2024/S1A_IW_GRDH_1SDV_20240923T113622_20240923T113647_055792_06D111/VH_10m.tif,779044,VV_10m.tif:4c5a556e451c8a6bc968ec923b62a6b0a2d9e840578569e60837b2a9b1925888;VH_10m.tif:12ef59e505b91837ae480aa6ec7caddc26028c9ddc91c21f3dfe03e09f9914b5,provider=Microsoft Planetary Computer; yearly paginated STAC search; AOI coverage=1.000,downloaded-pending-raster-validation
sentinel1,S1A_IW_GRDH_1SDV_20241005T113622_20241005T113647_055967_06D7F9,SENTINEL-1A,2024-10-05T11:36:34.977825Z,2024-10-05T18:36:34.977825+07:00,,,,,,unverified,https://planetarycomputer.microsoft.com/api/stac/v1/collections/sentinel-1-grd/items/S1A_IW_GRDH_1SDV_20241005T113622_20241005T113647_055967_06D7F9,"Copernicus Sentinel Data Legal Notice - free, full and open access",EPSG:32647,10 pixel spacing (GRD),VV;VH,data/satellite/surat_thani_s1_corroboration/sentinel1/2024/S1A_IW_GRDH_1SDV_20241005T113622_20241005T113647_055967_06D7F9/VV_10m.tif;data/satellite/surat_thani_s1_corroboration/sentinel1/2024/S1A_IW_GRDH_1SDV_20241005T113622_20241005T113647_055967_06D7F9/VH_10m.tif,789751,VV_10m.tif:3c5b0a23b3bcb47c2690e14b2783d6de6979ddc4c885c5e5f20be13618bd6543;VH_10m.tif:396e001fc94daf5655b994e40118b21b63384f52f6dc4020052d6ca25ed02baa,provider=Microsoft Planetary Computer; yearly paginated STAC search; AOI coverage=1.000,downloaded-pending-raster-validation
sentinel1,S1A_IW_GRDH_1SDV_20241028T231047_20241028T231112_056309_06E587,SENTINEL-1A,2024-10-28T23:11:00.092251Z,2024-10-29T06:11:00.092251+07:00,,,,,,unverified,https://planetarycomputer.microsoft.com/api/stac/v1/collections/sentinel-1-grd/items/S1A_IW_GRDH_1SDV_20241028T231047_20241028T231112_056309_06E587,"Copernicus Sentinel Data Legal Notice - free, full and open access",EPSG:32647,10 pixel spacing (GRD),VV;VH,data/satellite/surat_thani_s1_corroboration/sentinel1/2024/S1A_IW_GRDH_1SDV_20241028T231047_20241028T231112_056309_06E587/VV_10m.tif;data/satellite/surat_thani_s1_corroboration/sentinel1/2024/S1A_IW_GRDH_1SDV_20241028T231047_20241028T231112_056309_06E587/VH_10m.tif,767077,VV_10m.tif:6a1e2b270d1d93d144d54fa4ac352c8acc41c74d05da21246760ff5a2f7c61e3;VH_10m.tif:8768d5f05a015be7f026727fa3d938d4fb9717c328da145748a7c1def113b1b7,provider=Microsoft Planetary Computer; yearly paginated STAC search; AOI coverage=1.000,downloaded-pending-raster-validation
sentinel1,S1A_IW_GRDH_1SDV_20241203T231045_20241203T231110_056834_06FA6D,SENTINEL-1A,2024-12-03T23:10:57.998261Z,2024-12-04T06:10:57.998261+07:00,,,,,,unverified,https://planetarycomputer.microsoft.com/api/stac/v1/collections/sentinel-1-grd/items/S1A_IW_GRDH_1SDV_20241203T231045_20241203T231110_056834_06FA6D,"Copernicus Sentinel Data Legal Notice - free, full and open access",EPSG:32647,10 pixel spacing (GRD),VV;VH,data/satellite/surat_thani_s1_corroboration/sentinel1/2024/S1A_IW_GRDH_1SDV_20241203T231045_20241203T231110_056834_06FA6D/VV_10m.tif;data/satellite/surat_thani_s1_corroboration/sentinel1/2024/S1A_IW_GRDH_1SDV_20241203T231045_20241203T231110_056834_06FA6D/VH_10m.tif,775549,VV_10m.tif:0a2bbe8b27aa1c71f568a8ad609b58df5440a857abd8ceec08cdea1500667468;VH_10m.tif:a5a6d6473335c9f4a8a7074f7d0d294a2ed371c64ba46801982b579437366c2a,provider=Microsoft Planetary Computer; yearly paginated STAC search; AOI coverage=1.000,downloaded-pending-raster-validation
sentinel1,S1A_IW_GRDH_1SDV_20241215T231044_20241215T231109_057009_070153,SENTINEL-1A,2024-12-15T23:10:57.091557Z,2024-12-16T06:10:57.091557+07:00,,,,,,unverified,https://planetarycomputer.microsoft.com/api/stac/v1/collections/sentinel-1-grd/items/S1A_IW_GRDH_1SDV_20241215T231044_20241215T231109_057009_070153,"Copernicus Sentinel Data Legal Notice - free, full and open access",EPSG:32647,10 pixel spacing (GRD),VV;VH,data/satellite/surat_thani_s1_corroboration/sentinel1/2024/S1A_IW_GRDH_1SDV_20241215T231044_20241215T231109_057009_070153/VV_10m.tif;data/satellite/surat_thani_s1_corroboration/sentinel1/2024/S1A_IW_GRDH_1SDV_20241215T231044_20241215T231109_057009_070153/VH_10m.tif,792314,VV_10m.tif:b9aa425a4d33d8745b27c87c340621dc1d0ff08abd9205542a78145c1b172f19;VH_10m.tif:8d6c95fe37b7be7b93fbf1080f829b914d074608ac1672af8687f685c67a40d8,provider=Microsoft Planetary Computer; yearly paginated STAC search; AOI coverage=1.000,downloaded-pending-raster-validation
sentinel1,S1A_IW_GRDH_1SDV_20241228T113618_20241228T113643_057192_070894,SENTINEL-1A,2024-12-28T11:36:31.152007Z,2024-12-28T18:36:31.152007+07:00,,,,,,unverified,https://planetarycomputer.microsoft.com/api/stac/v1/collections/sentinel-1-grd/items/S1A_IW_GRDH_1SDV_20241228T113618_20241228T113643_057192_070894,"Copernicus Sentinel Data Legal Notice - free, full and open access",EPSG:32647,10 pixel spacing (GRD),VV;VH,data/satellite/surat_thani_s1_corroboration/sentinel1/2024/S1A_IW_GRDH_1SDV_20241228T113618_20241228T113643_057192_070894/VV_10m.tif;data/satellite/surat_thani_s1_corroboration/sentinel1/2024/S1A_IW_GRDH_1SDV_20241228T113618_20241228T113643_057192_070894/VH_10m.tif,817503,VV_10m.tif:f81b250fdff1a847eda3d793c853e0b79c8f152882562b07f1182c89f9246d29;VH_10m.tif:cdab9afe1f158c8b473cfe01162902b633dc9b33b678f0783692c71b4824ba86,provider=Microsoft Planetary Computer; yearly paginated STAC search; AOI coverage=1.000,downloaded-pending-raster-validation
sentinel1,S1A_IW_GRDH_1SDV_20250108T231042_20250108T231107_057359,sentinel-1a,2025-01-08T23:10:54.911580Z,2025-01-09T06:10:54.911580+07:00,,,,,,unverified,https://planetarycomputer.microsoft.com/api/stac/v1/collections/sentinel-1-grd/items/S1A_IW_GRDH_1SDV_20250108T231042_20250108T231107_057359,"Copernicus Sentinel Data Legal Notice - free, full and open access",EPSG:32647,10 pixel spacing (GRD),VV;VH,data/satellite/surat_thani_s1_corroboration/sentinel1/2025/S1A_IW_GRDH_1SDV_20250108T231042_20250108T231107_057359/VV_10m.tif;data/satellite/surat_thani_s1_corroboration/sentinel1/2025/S1A_IW_GRDH_1SDV_20250108T231042_20250108T231107_057359/VH_10m.tif,777402,VV_10m.tif:a3641607b810ea5236b3f85d4168a0a3019379cdbc39c07fdcbd59ab840d8220;VH_10m.tif:bf710ea275364e1533b7765c0affc4d901e7242b84687daf013f15ed51f12804,provider=Microsoft Planetary Computer; yearly paginated STAC search; AOI coverage=1.000,downloaded-pending-raster-validation
sentinel1,S1A_IW_GRDH_1SDV_20250121T113616_20250121T113641_057542,sentinel-1a,2025-01-21T11:36:28.929699Z,2025-01-21T18:36:28.929699+07:00,,,,,,unverified,https://planetarycomputer.microsoft.com/api/stac/v1/collections/sentinel-1-grd/items/S1A_IW_GRDH_1SDV_20250121T113616_20250121T113641_057542,"Copernicus Sentinel Data Legal Notice - free, full and open access",EPSG:32647,10 pixel spacing (GRD),VV;VH,data/satellite/surat_thani_s1_corroboration/sentinel1/2025/S1A_IW_GRDH_1SDV_20250121T113616_20250121T113641_057542/VV_10m.tif;data/satellite/surat_thani_s1_corroboration/sentinel1/2025/S1A_IW_GRDH_1SDV_20250121T113616_20250121T113641_057542/VH_10m.tif,801901,VV_10m.tif:04c79406c67ba84a79692b55c50fd6223d7d5f1278714c1f798918f1b3bf5d36;VH_10m.tif:166e2b8beedf8e51133fa6def29e3bd2d9354ee9c9f580fdbbeea95ad1d69471,provider=Microsoft Planetary Computer; yearly paginated STAC search; AOI coverage=1.000,downloaded-pending-raster-validation
sentinel1,S1A_IW_GRDH_1SDV_20250213T231040_20250213T231105_057884,sentinel-1a,2025-02-13T23:10:52.662366Z,2025-02-14T06:10:52.662366+07:00,,,,,,unverified,https://planetarycomputer.microsoft.com/api/stac/v1/collections/sentinel-1-grd/items/S1A_IW_GRDH_1SDV_20250213T231040_20250213T231105_057884,"Copernicus Sentinel Data Legal Notice - free, full and open access",EPSG:32647,10 pixel spacing (GRD),VV;VH,data/satellite/surat_thani_s1_corroboration/sentinel1/2025/S1A_IW_GRDH_1SDV_20250213T231040_20250213T231105_057884/VV_10m.tif;data/satellite/surat_thani_s1_corroboration/sentinel1/2025/S1A_IW_GRDH_1SDV_20250213T231040_20250213T231105_057884/VH_10m.tif,769091,VV_10m.tif:ee0648e2bb37cfd8790f64af023951256a2e96cbccb8b873df036998677dd08d;VH_10m.tif:d52b888c4a7264bbf2a2b218d04fa66d70e4344e7720e2a0b462afb32e67749d,provider=Microsoft Planetary Computer; yearly paginated STAC search; AOI coverage=1.000,downloaded-pending-raster-validation
sentinel1,S1A_IW_GRDH_1SDV_20250226T113615_20250226T113640_058067,sentinel-1a,2025-02-26T11:36:27.582227Z,2025-02-26T18:36:27.582227+07:00,,,,,,unverified,https://planetarycomputer.microsoft.com/api/stac/v1/collections/sentinel-1-grd/items/S1A_IW_GRDH_1SDV_20250226T113615_20250226T113640_058067,"Copernicus Sentinel Data Legal Notice - free, full and open access",EPSG:32647,10 pixel spacing (GRD),VV;VH,data/satellite/surat_thani_s1_corroboration/sentinel1/2025/S1A_IW_GRDH_1SDV_20250226T113615_20250226T113640_058067/VV_10m.tif;data/satellite/surat_thani_s1_corroboration/sentinel1/2025/S1A_IW_GRDH_1SDV_20250226T113615_20250226T113640_058067/VH_10m.tif,817168,VV_10m.tif:1210ea9d753389a5fd53486124b54503585d1d580fd1442bc78ace9db4fa8e6e;VH_10m.tif:4244fbb22e17229537d981581b44dfca5be7508c6f2fdb4d1e5ecf28c860436d,provider=Microsoft Planetary Computer; yearly paginated STAC search; AOI coverage=1.000,downloaded-pending-raster-validation
sentinel1,S1A_IW_GRDH_1SDV_20250321T231040_20250321T231105_058409,sentinel-1a,2025-03-21T23:10:53.157496Z,2025-03-22T06:10:53.157496+07:00,,,,,,unverified,https://planetarycomputer.microsoft.com/api/stac/v1/collections/sentinel-1-grd/items/S1A_IW_GRDH_1SDV_20250321T231040_20250321T231105_058409,"Copernicus Sentinel Data Legal Notice - free, full and open access",EPSG:32647,10 pixel spacing (GRD),VV;VH,data/satellite/surat_thani_s1_corroboration/sentinel1/2025/S1A_IW_GRDH_1SDV_20250321T231040_20250321T231105_058409/VV_10m.tif;data/satellite/surat_thani_s1_corroboration/sentinel1/2025/S1A_IW_GRDH_1SDV_20250321T231040_20250321T231105_058409/VH_10m.tif,776459,VV_10m.tif:566c075f048a742e999e51ebad58986cad0f1f1b33c744446012aaf591d5bc56;VH_10m.tif:e06b11d6bf284c8311b131c35853429db6567855d7021be44016b9e45ad77639,provider=Microsoft Planetary Computer; yearly paginated STAC search; AOI coverage=1.000,downloaded-pending-raster-validation
sentinel1,S1A_IW_GRDH_1SDV_20250402T231040_20250402T231105_058584,sentinel-1a,2025-04-02T23:10:53.427596Z,2025-04-03T06:10:53.427596+07:00,,,,,,unverified,https://planetarycomputer.microsoft.com/api/stac/v1/collections/sentinel-1-grd/items/S1A_IW_GRDH_1SDV_20250402T231040_20250402T231105_058584,"Copernicus Sentinel Data Legal Notice - free, full and open access",EPSG:32647,10 pixel spacing (GRD),VV;VH,data/satellite/surat_thani_s1_corroboration/sentinel1/2025/S1A_IW_GRDH_1SDV_20250402T231040_20250402T231105_058584/VV_10m.tif;data/satellite/surat_thani_s1_corroboration/sentinel1/2025/S1A_IW_GRDH_1SDV_20250402T231040_20250402T231105_058584/VH_10m.tif,783576,VV_10m.tif:bf81f5b15d981f1159123a875517dcfcde743499f9f6fd4d49439d80a126ba1d;VH_10m.tif:4ecc50b51f438f9ebf5f3c0c2c1456511d6e401024ce4c21b7cb31340128eb35,provider=Microsoft Planetary Computer; yearly paginated STAC search; AOI coverage=1.000,downloaded-pending-raster-validation
sentinel1,S1A_IW_GRDH_1SDV_20250415T113615_20250415T113640_058767,sentinel-1a,2025-04-15T11:36:28.183743Z,2025-04-15T18:36:28.183743+07:00,,,,,,unverified,https://planetarycomputer.microsoft.com/api/stac/v1/collections/sentinel-1-grd/items/S1A_IW_GRDH_1SDV_20250415T113615_20250415T113640_058767,"Copernicus Sentinel Data Legal Notice - free, full and open access",EPSG:32647,10 pixel spacing (GRD),VV;VH,data/satellite/surat_thani_s1_corroboration/sentinel1/2025/S1A_IW_GRDH_1SDV_20250415T113615_20250415T113640_058767/VV_10m.tif;data/satellite/surat_thani_s1_corroboration/sentinel1/2025/S1A_IW_GRDH_1SDV_20250415T113615_20250415T113640_058767/VH_10m.tif,802072,VV_10m.tif:9bb579b87016114297b9b5b76f01e7f0921947edb222d332d378ae74a758309a;VH_10m.tif:eb159fd4ccc2e75247c76351469c57e6978e5ff9bea2b12261aa707fc4271a75,provider=Microsoft Planetary Computer; yearly paginated STAC search; AOI coverage=1.000,downloaded-pending-raster-validation
sentinel1,S1A_IW_GRDH_1SDV_20250508T231040_20250508T231105_059109,sentinel-1a,2025-05-08T23:10:53.202974Z,2025-05-09T06:10:53.202974+07:00,,,,,,unverified,https://planetarycomputer.microsoft.com/api/stac/v1/collections/sentinel-1-grd/items/S1A_IW_GRDH_1SDV_20250508T231040_20250508T231105_059109,"Copernicus Sentinel Data Legal Notice - free, full and open access",EPSG:32647,10 pixel spacing (GRD),VV;VH,data/satellite/surat_thani_s1_corroboration/sentinel1/2025/S1A_IW_GRDH_1SDV_20250508T231040_20250508T231105_059109/VV_10m.tif;data/satellite/surat_thani_s1_corroboration/sentinel1/2025/S1A_IW_GRDH_1SDV_20250508T231040_20250508T231105_059109/VH_10m.tif,772003,VV_10m.tif:a488a9397fd8ad073aea9c1fc9c973f0de2f7ad7e0dd9079db89eb414a8bd905;VH_10m.tif:d9ca111e2286d0c4b36c83e290f7a4e4be41cf7e383aa1b96c28307757d5838e,provider=Microsoft Planetary Computer; yearly paginated STAC search; AOI coverage=1.000,downloaded-pending-raster-validation
sentinel1,S1A_IW_GRDH_1SDV_20250601T231039_20250601T231104_059459,sentinel-1a,2025-06-01T23:10:52.431065Z,2025-06-02T06:10:52.431065+07:00,,,,,,unverified,https://planetarycomputer.microsoft.com/api/stac/v1/collections/sentinel-1-grd/items/S1A_IW_GRDH_1SDV_20250601T231039_20250601T231104_059459,"Copernicus Sentinel Data Legal Notice - free, full and open access",EPSG:32647,10 pixel spacing (GRD),VV;VH,data/satellite/surat_thani_s1_corroboration/sentinel1/2025/S1A_IW_GRDH_1SDV_20250601T231039_20250601T231104_059459/VV_10m.tif;data/satellite/surat_thani_s1_corroboration/sentinel1/2025/S1A_IW_GRDH_1SDV_20250601T231039_20250601T231104_059459/VH_10m.tif,772926,VV_10m.tif:32e5a2160b91e9ffc4b1064b1c7876b358ff0d4d60bef22df2f57595e1e1b96f;VH_10m.tif:10512d30b16af72aba04b3337d0e3a34c2eb3b576b2992aa4f248c2cadb836e2,provider=Microsoft Planetary Computer; yearly paginated STAC search; AOI coverage=1.000,downloaded-pending-raster-validation
sentinel1,S1A_IW_GRDH_1SDV_20250614T113614_20250614T113639_059642,sentinel-1a,2025-06-14T11:36:26.863017Z,2025-06-14T18:36:26.863017+07:00,,,,,,unverified,https://planetarycomputer.microsoft.com/api/stac/v1/collections/sentinel-1-grd/items/S1A_IW_GRDH_1SDV_20250614T113614_20250614T113639_059642,"Copernicus Sentinel Data Legal Notice - free, full and open access",EPSG:32647,10 pixel spacing (GRD),VV;VH,data/satellite/surat_thani_s1_corroboration/sentinel1/2025/S1A_IW_GRDH_1SDV_20250614T113614_20250614T113639_059642/VV_10m.tif;data/satellite/surat_thani_s1_corroboration/sentinel1/2025/S1A_IW_GRDH_1SDV_20250614T113614_20250614T113639_059642/VH_10m.tif,795837,VV_10m.tif:98ba2449ab4076fdd31089114afcd8b3bcf58cfce26cef023e54e5ac43f7f9a3;VH_10m.tif:9dcaed640f4ba126cf42dc7b7ac11e797b5bcaa2d1e8fe8abc6c5497a7adc139,provider=Microsoft Planetary Computer; yearly paginated STAC search; AOI coverage=1.000,downloaded-pending-raster-validation
sentinel1,S1A_IW_GRDH_1SDV_20250707T231037_20250707T231109_059984,sentinel-1a,2025-07-07T23:10:53.504273Z,2025-07-08T06:10:53.504273+07:00,,,,,,unverified,https://planetarycomputer.microsoft.com/api/stac/v1/collections/sentinel-1-grd/items/S1A_IW_GRDH_1SDV_20250707T231037_20250707T231109_059984,"Copernicus Sentinel Data Legal Notice - free, full and open access",EPSG:32647,10 pixel spacing (GRD),VV;VH,data/satellite/surat_thani_s1_corroboration/sentinel1/2025/S1A_IW_GRDH_1SDV_20250707T231037_20250707T231109_059984/VV_10m.tif;data/satellite/surat_thani_s1_corroboration/sentinel1/2025/S1A_IW_GRDH_1SDV_20250707T231037_20250707T231109_059984/VH_10m.tif,777400,VV_10m.tif:e74b2225137950a35bb1bcc7159300fdb55e33d7c0da2a75701f2ee773b05296;VH_10m.tif:31e0fccfa867a6f3a0a2d83f1014eec7e013c006f7e1bba4accd3302dbfd238a,provider=Microsoft Planetary Computer; yearly paginated STAC search; AOI coverage=1.000,downloaded-pending-raster-validation
sentinel1,S1A_IW_GRDH_1SDV_20250720T113612_20250720T113637_060167,sentinel-1a,2025-07-20T11:36:25.042729Z,2025-07-20T18:36:25.042729+07:00,,,,,,unverified,https://planetarycomputer.microsoft.com/api/stac/v1/collections/sentinel-1-grd/items/S1A_IW_GRDH_1SDV_20250720T113612_20250720T113637_060167,"Copernicus Sentinel Data Legal Notice - free, full and open access",EPSG:32647,10 pixel spacing (GRD),VV;VH,data/satellite/surat_thani_s1_corroboration/sentinel1/2025/S1A_IW_GRDH_1SDV_20250720T113612_20250720T113637_060167/VV_10m.tif;data/satellite/surat_thani_s1_corroboration/sentinel1/2025/S1A_IW_GRDH_1SDV_20250720T113612_20250720T113637_060167/VH_10m.tif,802793,VV_10m.tif:415e6b52723a5a4230cf9aa9b42f37e37d5a8bf0655a378e7f044e82d2db8fc4;VH_10m.tif:8ae983b3124e71c08f542e37779d3da25f8ad224b5ad7d5abe4b00898a5e014d,provider=Microsoft Planetary Computer; yearly paginated STAC search; AOI coverage=1.000,downloaded-pending-raster-validation
sentinel1,S1A_IW_GRDH_1SDV_20250813T113612_20250813T113637_060517,sentinel-1a,2025-08-13T11:36:24.727595Z,2025-08-13T18:36:24.727595+07:00,,,,,,unverified,https://planetarycomputer.microsoft.com/api/stac/v1/collections/sentinel-1-grd/items/S1A_IW_GRDH_1SDV_20250813T113612_20250813T113637_060517,"Copernicus Sentinel Data Legal Notice - free, full and open access",EPSG:32647,10 pixel spacing (GRD),VV;VH,data/satellite/surat_thani_s1_corroboration/sentinel1/2025/S1A_IW_GRDH_1SDV_20250813T113612_20250813T113637_060517/VV_10m.tif;data/satellite/surat_thani_s1_corroboration/sentinel1/2025/S1A_IW_GRDH_1SDV_20250813T113612_20250813T113637_060517/VH_10m.tif,796613,VV_10m.tif:f61da97d9fc7236733e22c2364e339b367c0dc87aaf2cff4ee52f514371d6b7d;VH_10m.tif:7bb8cc54888d9f1f3fd838e004c6cf04371f2d176c67d10c8e647d1624691e2a,provider=Microsoft Planetary Computer; yearly paginated STAC search; AOI coverage=1.000,downloaded-pending-raster-validation
sentinel1,S1A_IW_GRDH_1SDV_20250905T231033_20250905T231058_060859_079404,sentinel-1a,2025-09-05T23:10:45.930089Z,2025-09-06T06:10:45.930089+07:00,,,,,,unverified,https://planetarycomputer.microsoft.com/api/stac/v1/collections/sentinel-1-grd/items/S1A_IW_GRDH_1SDV_20250905T231033_20250905T231058_060859_079404,"Copernicus Sentinel Data Legal Notice - free, full and open access",EPSG:32647,10 pixel spacing (GRD),VV;VH,data/satellite/surat_thani_s1_corroboration/sentinel1/2025/S1A_IW_GRDH_1SDV_20250905T231033_20250905T231058_060859_079404/VV_10m.tif;data/satellite/surat_thani_s1_corroboration/sentinel1/2025/S1A_IW_GRDH_1SDV_20250905T231033_20250905T231058_060859_079404/VH_10m.tif,572615,VV_10m.tif:1d6d5cbeaa0ce7f4d955fbd943355d72b2e97f09fbcf888923f5d1a0ff9d2fd7;VH_10m.tif:30536399dc4a25318853f22fb70a40d06e00b6a0814131fd0d866f5d98870006,provider=Microsoft Planetary Computer; yearly paginated STAC search; AOI coverage=0.751,downloaded-pending-raster-validation
sentinel1,S1A_IW_GRDH_1SDV_20250905T231058_20250905T231123_060859_079404,sentinel-1a,2025-09-05T23:11:10.930312Z,2025-09-06T06:11:10.930312+07:00,,,,,,unverified,https://planetarycomputer.microsoft.com/api/stac/v1/collections/sentinel-1-grd/items/S1A_IW_GRDH_1SDV_20250905T231058_20250905T231123_060859_079404,"Copernicus Sentinel Data Legal Notice - free, full and open access",EPSG:32647,10 pixel spacing (GRD),VV;VH,data/satellite/surat_thani_s1_corroboration/sentinel1/2025/S1A_IW_GRDH_1SDV_20250905T231058_20250905T231123_060859_079404/VV_10m.tif;data/satellite/surat_thani_s1_corroboration/sentinel1/2025/S1A_IW_GRDH_1SDV_20250905T231058_20250905T231123_060859_079404/VH_10m.tif,220708,VV_10m.tif:7f999be8006419356612647a20d518c79df9348922abe9baa2b9dd3f8b8727da;VH_10m.tif:7e19fb13c1e516e16241d91c78acd52a3cb666d68382ba5aa89afd30ca4c6474,provider=Microsoft Planetary Computer; yearly paginated STAC search; AOI coverage=0.247,downloaded-pending-raster-validation
sentinel1,S1A_IW_GRDH_1SDV_20250918T113612_20250918T113637_061042_079B5B,sentinel-1a,2025-09-18T11:36:25.381540Z,2025-09-18T18:36:25.381540+07:00,,,,,,unverified,https://planetarycomputer.microsoft.com/api/stac/v1/collections/sentinel-1-grd/items/S1A_IW_GRDH_1SDV_20250918T113612_20250918T113637_061042_079B5B,"Copernicus Sentinel Data Legal Notice - free, full and open access",EPSG:32647,10 pixel spacing (GRD),VV;VH,data/satellite/surat_thani_s1_corroboration/sentinel1/2025/S1A_IW_GRDH_1SDV_20250918T113612_20250918T113637_061042_079B5B/VV_10m.tif;data/satellite/surat_thani_s1_corroboration/sentinel1/2025/S1A_IW_GRDH_1SDV_20250918T113612_20250918T113637_061042_079B5B/VH_10m.tif,797214,VV_10m.tif:c2ac2ac1f2139e81fbf232ad5d24e7c67f7dd987f9eb8ebb23334a22a64df710;VH_10m.tif:11cee51e7aea5e6a514165c7904794635d675a930d31536a6fd1c8ad880a08c7,provider=Microsoft Planetary Computer; yearly paginated STAC search; AOI coverage=1.000,downloaded-pending-raster-validation
sentinel1,S1A_IW_GRDH_1SDV_20250930T113612_20250930T113637_061217_07A26A,sentinel-1a,2025-09-30T11:36:25.414894Z,2025-09-30T18:36:25.414894+07:00,,,,,,unverified,https://planetarycomputer.microsoft.com/api/stac/v1/collections/sentinel-1-grd/items/S1A_IW_GRDH_1SDV_20250930T113612_20250930T113637_061217_07A26A,"Copernicus Sentinel Data Legal Notice - free, full and open access",EPSG:32647,10 pixel spacing (GRD),VV;VH,data/satellite/surat_thani_s1_corroboration/sentinel1/2025/S1A_IW_GRDH_1SDV_20250930T113612_20250930T113637_061217_07A26A/VV_10m.tif;data/satellite/surat_thani_s1_corroboration/sentinel1/2025/S1A_IW_GRDH_1SDV_20250930T113612_20250930T113637_061217_07A26A/VH_10m.tif,798610,VV_10m.tif:fe6372026df2b8fb7fe6ce9cff566eac656fe58eb2addad16a2d361b9590e40c;VH_10m.tif:db877915ffc9ca7a9f000927a6adea6b5272d8f2fefa24ddf1b2270304df278b,provider=Microsoft Planetary Computer; yearly paginated STAC search; AOI coverage=1.000,downloaded-pending-raster-validation
sentinel1,S1A_IW_GRDH_1SDV_20251023T231034_20251023T231059_061559_07B028,sentinel-1a,2025-10-23T23:10:46.573590Z,2025-10-24T06:10:46.573590+07:00,,,,,,unverified,https://planetarycomputer.microsoft.com/api/stac/v1/collections/sentinel-1-grd/items/S1A_IW_GRDH_1SDV_20251023T231034_20251023T231059_061559_07B028,"Copernicus Sentinel Data Legal Notice - free, full and open access",EPSG:32647,10 pixel spacing (GRD),VV;VH,data/satellite/surat_thani_s1_corroboration/sentinel1/2025/S1A_IW_GRDH_1SDV_20251023T231034_20251023T231059_061559_07B028/VV_10m.tif;data/satellite/surat_thani_s1_corroboration/sentinel1/2025/S1A_IW_GRDH_1SDV_20251023T231034_20251023T231059_061559_07B028/VH_10m.tif,572451,VV_10m.tif:eda5cba7ca0820d4bd0b91e258f128844d233deaca822a9815aec774214a7ad2;VH_10m.tif:c01cbb68cc3042997be67c3671e62b66c769685ff07cd213dfe15376450f8026,provider=Microsoft Planetary Computer; yearly paginated STAC search; AOI coverage=0.752,downloaded-pending-raster-validation
sentinel1,S1A_IW_GRDH_1SDV_20251023T231059_20251023T231124_061559_07B028,sentinel-1a,2025-10-23T23:11:11.573887Z,2025-10-24T06:11:11.573887+07:00,,,,,,unverified,https://planetarycomputer.microsoft.com/api/stac/v1/collections/sentinel-1-grd/items/S1A_IW_GRDH_1SDV_20251023T231059_20251023T231124_061559_07B028,"Copernicus Sentinel Data Legal Notice - free, full and open access",EPSG:32647,10 pixel spacing (GRD),VV;VH,data/satellite/surat_thani_s1_corroboration/sentinel1/2025/S1A_IW_GRDH_1SDV_20251023T231059_20251023T231124_061559_07B028/VV_10m.tif;data/satellite/surat_thani_s1_corroboration/sentinel1/2025/S1A_IW_GRDH_1SDV_20251023T231059_20251023T231124_061559_07B028/VH_10m.tif,215396,VV_10m.tif:7b813c0ff0c23171f81fce564d62d94c3b9ac2839509323cb5860a7b7eef6796;VH_10m.tif:4daec05e45aec43fb27a499847c12b989beffe9f972311f74ca05d13942ee515,provider=Microsoft Planetary Computer; yearly paginated STAC search; AOI coverage=0.246,downloaded-pending-raster-validation
sentinel1,S1A_IW_GRDH_1SDV_20251105T113612_20251105T113637_061742_07B768,sentinel-1a,2025-11-05T11:36:25.237107Z,2025-11-05T18:36:25.237107+07:00,,,,,,unverified,https://planetarycomputer.microsoft.com/api/stac/v1/collections/sentinel-1-grd/items/S1A_IW_GRDH_1SDV_20251105T113612_20251105T113637_061742_07B768,"Copernicus Sentinel Data Legal Notice - free, full and open access",EPSG:32647,10 pixel spacing (GRD),VV;VH,data/satellite/surat_thani_s1_corroboration/sentinel1/2025/S1A_IW_GRDH_1SDV_20251105T113612_20251105T113637_061742_07B768/VV_10m.tif;data/satellite/surat_thani_s1_corroboration/sentinel1/2025/S1A_IW_GRDH_1SDV_20251105T113612_20251105T113637_061742_07B768/VH_10m.tif,794701,VV_10m.tif:5b80f5a4380f5307d7bcd58b87e93da14af0220ecde1cf9260f1222ec571d671;VH_10m.tif:d7a1b9ae95f3405483b0beac2fffa9b117eeb308cad7beebb2573a8a36410615,provider=Microsoft Planetary Computer; yearly paginated STAC search; AOI coverage=1.000,downloaded-pending-raster-validation
sentinel1,S1A_IW_GRDH_1SDV_20251210T231031_20251210T231056_062259_07CB90,sentinel-1a,2025-12-10T23:10:43.552750Z,2025-12-11T06:10:43.552750+07:00,,,,,,unverified,https://planetarycomputer.microsoft.com/api/stac/v1/collections/sentinel-1-grd/items/S1A_IW_GRDH_1SDV_20251210T231031_20251210T231056_062259_07CB90,"Copernicus Sentinel Data Legal Notice - free, full and open access",EPSG:32647,10 pixel spacing (GRD),VV;VH,data/satellite/surat_thani_s1_corroboration/sentinel1/2025/S1A_IW_GRDH_1SDV_20251210T231031_20251210T231056_062259_07CB90/VV_10m.tif;data/satellite/surat_thani_s1_corroboration/sentinel1/2025/S1A_IW_GRDH_1SDV_20251210T231031_20251210T231056_062259_07CB90/VH_10m.tif,576589,VV_10m.tif:75b4da75a4babbd3b1ed78aab0a83b81a37f9c47c3f364a68f4727412b0652ff;VH_10m.tif:d0685364b88d66472e762fa99586c7badf33d88e2ea9b815727870db7ded0db4,provider=Microsoft Planetary Computer; yearly paginated STAC search; AOI coverage=0.754,downloaded-pending-raster-validation
sentinel1,S1A_IW_GRDH_1SDV_20251210T231056_20251210T231121_062259_07CB90,sentinel-1a,2025-12-10T23:11:08.553091Z,2025-12-11T06:11:08.553091+07:00,,,,,,unverified,https://planetarycomputer.microsoft.com/api/stac/v1/collections/sentinel-1-grd/items/S1A_IW_GRDH_1SDV_20251210T231056_20251210T231121_062259_07CB90,"Copernicus Sentinel Data Legal Notice - free, full and open access",EPSG:32647,10 pixel spacing (GRD),VV;VH,data/satellite/surat_thani_s1_corroboration/sentinel1/2025/S1A_IW_GRDH_1SDV_20251210T231056_20251210T231121_062259_07CB90/VV_10m.tif;data/satellite/surat_thani_s1_corroboration/sentinel1/2025/S1A_IW_GRDH_1SDV_20251210T231056_20251210T231121_062259_07CB90/VH_10m.tif,217115,VV_10m.tif:a05be25b176cb624816f9a846951614fc5b72ef493dfb871fa1565e842f87e41;VH_10m.tif:eee9c1ffaf671a81a10e8a91edf43895950e4a53bda533236e953b90e9f76317,provider=Microsoft Planetary Computer; yearly paginated STAC search; AOI coverage=0.244,downloaded-pending-raster-validation
sentinel1,S1A_IW_GRDH_1SDV_20251223T113608_20251223T113633_062442_07D2AB,sentinel-1a,2025-12-23T11:36:20.992184Z,2025-12-23T18:36:20.992184+07:00,,,,,,unverified,https://planetarycomputer.microsoft.com/api/stac/v1/collections/sentinel-1-grd/items/S1A_IW_GRDH_1SDV_20251223T113608_20251223T113633_062442_07D2AB,"Copernicus Sentinel Data Legal Notice - free, full and open access",EPSG:32647,10 pixel spacing (GRD),VV;VH,data/satellite/surat_thani_s1_corroboration/sentinel1/2025/S1A_IW_GRDH_1SDV_20251223T113608_20251223T113633_062442_07D2AB/VV_10m.tif;data/satellite/surat_thani_s1_corroboration/sentinel1/2025/S1A_IW_GRDH_1SDV_20251223T113608_20251223T113633_062442_07D2AB/VH_10m.tif,797554,VV_10m.tif:0e5258376483b0106edd78f8da34c499fa7894c4d7c9f5dc565c97d68e9c7f16;VH_10m.tif:1c8faee80780c747f787dcb9e25e96de27b1d8146a65c1718179e7534cc469da,provider=Microsoft Planetary Computer; yearly paginated STAC search; AOI coverage=1.000,downloaded-pending-raster-validation
sentinel1,S1A_IW_GRDH_1SDV_20260103T231028_20260103T231053_062609_07D91C,sentinel-1a,2026-01-03T23:10:41.011829Z,2026-01-04T06:10:41.011829+07:00,,,,,,unverified,https://planetarycomputer.microsoft.com/api/stac/v1/collections/sentinel-1-grd/items/S1A_IW_GRDH_1SDV_20260103T231028_20260103T231053_062609_07D91C,"Copernicus Sentinel Data Legal Notice - free, full and open access",EPSG:32647,10 pixel spacing (GRD),VV;VH,data/satellite/surat_thani_s1_corroboration/sentinel1/2026/S1A_IW_GRDH_1SDV_20260103T231028_20260103T231053_062609_07D91C/VV_10m.tif;data/satellite/surat_thani_s1_corroboration/sentinel1/2026/S1A_IW_GRDH_1SDV_20260103T231028_20260103T231053_062609_07D91C/VH_10m.tif,580413,VV_10m.tif:4a40033101ea95bf5d93b5d45a2562a732da777c5b9a99dd7a8d3488b497da5c;VH_10m.tif:423bdb547976e7635403ac41e22c1a9d5e07086f82c6b12bfb5b007742615275,provider=Microsoft Planetary Computer; yearly paginated STAC search; AOI coverage=0.756,downloaded-pending-raster-validation
sentinel1,S1A_IW_GRDH_1SDV_20260103T231053_20260103T231118_062609_07D91C,sentinel-1a,2026-01-03T23:11:06.011310Z,2026-01-04T06:11:06.011310+07:00,,,,,,unverified,https://planetarycomputer.microsoft.com/api/stac/v1/collections/sentinel-1-grd/items/S1A_IW_GRDH_1SDV_20260103T231053_20260103T231118_062609_07D91C,"Copernicus Sentinel Data Legal Notice - free, full and open access",EPSG:32647,10 pixel spacing (GRD),VV;VH,data/satellite/surat_thani_s1_corroboration/sentinel1/2026/S1A_IW_GRDH_1SDV_20260103T231053_20260103T231118_062609_07D91C/VV_10m.tif;data/satellite/surat_thani_s1_corroboration/sentinel1/2026/S1A_IW_GRDH_1SDV_20260103T231053_20260103T231118_062609_07D91C/VH_10m.tif,217790,VV_10m.tif:81e92ac13e64dafad25cf9c2e0a81666dd902534c46bd85d342f76e89300bf48;VH_10m.tif:d2d64fd67a823bc7b0780f857c970b4dcd4f2884ac75e3163e915ee0134300ef,provider=Microsoft Planetary Computer; yearly paginated STAC search; AOI coverage=0.242,downloaded-pending-raster-validation
sentinel1,S1A_IW_GRDH_1SDV_20260104T113607_20260104T113632_062617_07D969,sentinel-1a,2026-01-04T11:36:19.953790Z,2026-01-04T18:36:19.953790+07:00,,,,,,unverified,https://planetarycomputer.microsoft.com/api/stac/v1/collections/sentinel-1-grd/items/S1A_IW_GRDH_1SDV_20260104T113607_20260104T113632_062617_07D969,"Copernicus Sentinel Data Legal Notice - free, full and open access",EPSG:32647,10 pixel spacing (GRD),VV;VH,data/satellite/surat_thani_s1_corroboration/sentinel1/2026/S1A_IW_GRDH_1SDV_20260104T113607_20260104T113632_062617_07D969/VV_10m.tif;data/satellite/surat_thani_s1_corroboration/sentinel1/2026/S1A_IW_GRDH_1SDV_20260104T113607_20260104T113632_062617_07D969/VH_10m.tif,808332,VV_10m.tif:c845706f4e688134f63e667010c9c2e0c523780bada14b29bffd6c7dd2c8a713;VH_10m.tif:40ec1b3517ca23ab081144b3043a262a6e8fb4e63bef3020f972a69fa8cd39dc,provider=Microsoft Planetary Computer; yearly paginated STAC search; AOI coverage=1.000,downloaded-pending-raster-validation
sentinel1,S1A_IW_GRDH_1SDV_20260115T231027_20260115T231052_062784_07DFDD,sentinel-1a,2026-01-15T23:10:40.013116Z,2026-01-16T06:10:40.013116+07:00,,,,,,unverified,https://planetarycomputer.microsoft.com/api/stac/v1/collections/sentinel-1-grd/items/S1A_IW_GRDH_1SDV_20260115T231027_20260115T231052_062784_07DFDD,"Copernicus Sentinel Data Legal Notice - free, full and open access",EPSG:32647,10 pixel spacing (GRD),VV;VH,data/satellite/surat_thani_s1_corroboration/sentinel1/2026/S1A_IW_GRDH_1SDV_20260115T231027_20260115T231052_062784_07DFDD/VV_10m.tif;data/satellite/surat_thani_s1_corroboration/sentinel1/2026/S1A_IW_GRDH_1SDV_20260115T231027_20260115T231052_062784_07DFDD/VH_10m.tif,567595,VV_10m.tif:efd5812bda22edb0b4200ac9f3085a473c29c242a4172cc2f0239a0e64f441f2;VH_10m.tif:c38ccbad1ed51da103d89cf668a8d0240346426b945220e14bd89b34fbba6217,provider=Microsoft Planetary Computer; yearly paginated STAC search; AOI coverage=0.753,downloaded-pending-raster-validation
sentinel1,S1A_IW_GRDH_1SDV_20260115T231052_20260115T231117_062784_07DFDD,sentinel-1a,2026-01-15T23:11:05.013293Z,2026-01-16T06:11:05.013293+07:00,,,,,,unverified,https://planetarycomputer.microsoft.com/api/stac/v1/collections/sentinel-1-grd/items/S1A_IW_GRDH_1SDV_20260115T231052_20260115T231117_062784_07DFDD,"Copernicus Sentinel Data Legal Notice - free, full and open access",EPSG:32647,10 pixel spacing (GRD),VV;VH,data/satellite/surat_thani_s1_corroboration/sentinel1/2026/S1A_IW_GRDH_1SDV_20260115T231052_20260115T231117_062784_07DFDD/VV_10m.tif;data/satellite/surat_thani_s1_corroboration/sentinel1/2026/S1A_IW_GRDH_1SDV_20260115T231052_20260115T231117_062784_07DFDD/VH_10m.tif,212124,VV_10m.tif:c63c28d84e6ad2c22d1695bfa104824cc3afa24f90b28e17a8404f8453bc142b;VH_10m.tif:47aca5be9d81d600d6e3d37c6bf0222f2528cd7240cbbd5710645cd24b018ab9,provider=Microsoft Planetary Computer; yearly paginated STAC search; AOI coverage=0.245,downloaded-pending-raster-validation
sentinel1,S1A_IW_GRDH_1SDV_20260116T113606_20260116T113631_062792_07E02D,sentinel-1a,2026-01-16T11:36:18.937358Z,2026-01-16T18:36:18.937358+07:00,,,,,,unverified,https://planetarycomputer.microsoft.com/api/stac/v1/collections/sentinel-1-grd/items/S1A_IW_GRDH_1SDV_20260116T113606_20260116T113631_062792_07E02D,"Copernicus Sentinel Data Legal Notice - free, full and open access",EPSG:32647,10 pixel spacing (GRD),VV;VH,data/satellite/surat_thani_s1_corroboration/sentinel1/2026/S1A_IW_GRDH_1SDV_20260116T113606_20260116T113631_062792_07E02D/VV_10m.tif;data/satellite/surat_thani_s1_corroboration/sentinel1/2026/S1A_IW_GRDH_1SDV_20260116T113606_20260116T113631_062792_07E02D/VH_10m.tif,805965,VV_10m.tif:3ca7da0931c0f75652c8d3378f66a0a0b74a29f6adc828341277f9ea82a5a2b6;VH_10m.tif:fbe0128d95651e4af0733f63a0de3aa1cf0ff525e2d2091e9319203776b3227c,provider=Microsoft Planetary Computer; yearly paginated STAC search; AOI coverage=1.000,downloaded-pending-raster-validation
sentinel1,S1A_IW_GRDH_1SDV_20260127T231026_20260127T231051_062959_07E627,sentinel-1a,2026-01-27T23:10:39.281029Z,2026-01-28T06:10:39.281029+07:00,,,,,,unverified,https://planetarycomputer.microsoft.com/api/stac/v1/collections/sentinel-1-grd/items/S1A_IW_GRDH_1SDV_20260127T231026_20260127T231051_062959_07E627,"Copernicus Sentinel Data Legal Notice - free, full and open access",EPSG:32647,10 pixel spacing (GRD),VV;VH,data/satellite/surat_thani_s1_corroboration/sentinel1/2026/S1A_IW_GRDH_1SDV_20260127T231026_20260127T231051_062959_07E627/VV_10m.tif;data/satellite/surat_thani_s1_corroboration/sentinel1/2026/S1A_IW_GRDH_1SDV_20260127T231026_20260127T231051_062959_07E627/VH_10m.tif,576615,VV_10m.tif:8b2d8f385e814cd8e7298ee69f995f686e4c9298b49492939c42f275d4a7299c;VH_10m.tif:d8fdcf6bdc20cc14be5b36b53d2a40994b90e384bb799788d89cc198e73093c0,provider=Microsoft Planetary Computer; yearly paginated STAC search; AOI coverage=0.753,downloaded-pending-raster-validation
sentinel1,S1A_IW_GRDH_1SDV_20260127T231051_20260127T231116_062959_07E627,sentinel-1a,2026-01-27T23:11:04.281243Z,2026-01-28T06:11:04.281243+07:00,,,,,,unverified,https://planetarycomputer.microsoft.com/api/stac/v1/collections/sentinel-1-grd/items/S1A_IW_GRDH_1SDV_20260127T231051_20260127T231116_062959_07E627,"Copernicus Sentinel Data Legal Notice - free, full and open access",EPSG:32647,10 pixel spacing (GRD),VV;VH,data/satellite/surat_thani_s1_corroboration/sentinel1/2026/S1A_IW_GRDH_1SDV_20260127T231051_20260127T231116_062959_07E627/VV_10m.tif;data/satellite/surat_thani_s1_corroboration/sentinel1/2026/S1A_IW_GRDH_1SDV_20260127T231051_20260127T231116_062959_07E627/VH_10m.tif,220929,VV_10m.tif:ace879188d3594fdf8879cf7c266f2992ff2be723bf24591fe4ced617f4379e5;VH_10m.tif:b25a64234928aef31011fa0c74145bd0fa47b522b83355f60c117b2bf4dcef1e,provider=Microsoft Planetary Computer; yearly paginated STAC search; AOI coverage=0.245,downloaded-pending-raster-validation
sentinel1,S1A_IW_GRDH_1SDV_20260128T113605_20260128T113630_062967_07E671,sentinel-1a,2026-01-28T11:36:18.298004Z,2026-01-28T18:36:18.298004+07:00,,,,,,unverified,https://planetarycomputer.microsoft.com/api/stac/v1/collections/sentinel-1-grd/items/S1A_IW_GRDH_1SDV_20260128T113605_20260128T113630_062967_07E671,"Copernicus Sentinel Data Legal Notice - free, full and open access",EPSG:32647,10 pixel spacing (GRD),VV;VH,data/satellite/surat_thani_s1_corroboration/sentinel1/2026/S1A_IW_GRDH_1SDV_20260128T113605_20260128T113630_062967_07E671/VV_10m.tif;data/satellite/surat_thani_s1_corroboration/sentinel1/2026/S1A_IW_GRDH_1SDV_20260128T113605_20260128T113630_062967_07E671/VH_10m.tif,810532,VV_10m.tif:d44896960e9f0f6323f21ac3c467858657e6f921a71269cc9ec072ef8326f3ce;VH_10m.tif:c30e46468e978978908906192f06904f2b1e885db31efd7d151b79845ea0f442,provider=Microsoft Planetary Computer; yearly paginated STAC search; AOI coverage=1.000,downloaded-pending-raster-validation
sentinel1,S1A_IW_GRDH_1SDV_20260208T231025_20260208T231052_063134_07ECBA,sentinel-1a,2026-02-08T23:10:39.285248Z,2026-02-09T06:10:39.285248+07:00,,,,,,unverified,https://planetarycomputer.microsoft.com/api/stac/v1/collections/sentinel-1-grd/items/S1A_IW_GRDH_1SDV_20260208T231025_20260208T231052_063134_07ECBA,"Copernicus Sentinel Data Legal Notice - free, full and open access",EPSG:32647,10 pixel spacing (GRD),VV;VH,data/satellite/surat_thani_s1_corroboration/sentinel1/2026/S1A_IW_GRDH_1SDV_20260208T231025_20260208T231052_063134_07ECBA/VV_10m.tif;data/satellite/surat_thani_s1_corroboration/sentinel1/2026/S1A_IW_GRDH_1SDV_20260208T231025_20260208T231052_063134_07ECBA/VH_10m.tif,778956,VV_10m.tif:5c1c9ed5a98e05498b9ad5d912c5541af7a0c136dbc45432fd6dd6d59aa7e99f;VH_10m.tif:c5958db3238d955b00b1e3b0d1b6bdb93cdb5879c0ae13e328b436a356c08611,provider=Microsoft Planetary Computer; yearly paginated STAC search; AOI coverage=1.000,downloaded-pending-raster-validation
sentinel1,S1A_IW_GRDH_1SDV_20260209T113604_20260209T113629_063142_07ECFF,sentinel-1a,2026-02-09T11:36:17.485931Z,2026-02-09T18:36:17.485931+07:00,,,,,,unverified,https://planetarycomputer.microsoft.com/api/stac/v1/collections/sentinel-1-grd/items/S1A_IW_GRDH_1SDV_20260209T113604_20260209T113629_063142_07ECFF,"Copernicus Sentinel Data Legal Notice - free, full and open access",EPSG:32647,10 pixel spacing (GRD),VV;VH,data/satellite/surat_thani_s1_corroboration/sentinel1/2026/S1A_IW_GRDH_1SDV_20260209T113604_20260209T113629_063142_07ECFF/VV_10m.tif;data/satellite/surat_thani_s1_corroboration/sentinel1/2026/S1A_IW_GRDH_1SDV_20260209T113604_20260209T113629_063142_07ECFF/VH_10m.tif,810359,VV_10m.tif:d270e72f2fcbe2f9e24357e73137e5460ef43939a8d5869b4ff7b228d33aa251;VH_10m.tif:bb99441d6c0421a3c53e59f4e342cd29de0b75658827f8e47c1111c1bd9d82ef,provider=Microsoft Planetary Computer; yearly paginated STAC search; AOI coverage=1.000,downloaded-pending-raster-validation
sentinel1,S1A_IW_GRDH_1SDV_20260220T231025_20260220T231050_063309_07F348,sentinel-1a,2026-02-20T23:10:37.868523Z,2026-02-21T06:10:37.868523+07:00,,,,,,unverified,https://planetarycomputer.microsoft.com/api/stac/v1/collections/sentinel-1-grd/items/S1A_IW_GRDH_1SDV_20260220T231025_20260220T231050_063309_07F348,"Copernicus Sentinel Data Legal Notice - free, full and open access",EPSG:32647,10 pixel spacing (GRD),VV;VH,data/satellite/surat_thani_s1_corroboration/sentinel1/2026/S1A_IW_GRDH_1SDV_20260220T231025_20260220T231050_063309_07F348/VV_10m.tif;data/satellite/surat_thani_s1_corroboration/sentinel1/2026/S1A_IW_GRDH_1SDV_20260220T231025_20260220T231050_063309_07F348/VH_10m.tif,562608,VV_10m.tif:0667584f17ec2b320fc8655bf9c017d4caf21345126fde7341ef0b47b5cd9e3a;VH_10m.tif:c7ab73734f73557878681ae0e17b8f83ceaa50e8d42a447d5fdf43029ea2b2e1,provider=Microsoft Planetary Computer; yearly paginated STAC search; AOI coverage=0.748,downloaded-pending-raster-validation
sentinel1,S1A_IW_GRDH_1SDV_20260220T231050_20260220T231115_063309_07F348,sentinel-1a,2026-02-20T23:11:02.868728Z,2026-02-21T06:11:02.868728+07:00,,,,,,unverified,https://planetarycomputer.microsoft.com/api/stac/v1/collections/sentinel-1-grd/items/S1A_IW_GRDH_1SDV_20260220T231050_20260220T231115_063309_07F348,"Copernicus Sentinel Data Legal Notice - free, full and open access",EPSG:32647,10 pixel spacing (GRD),VV;VH,data/satellite/surat_thani_s1_corroboration/sentinel1/2026/S1A_IW_GRDH_1SDV_20260220T231050_20260220T231115_063309_07F348/VV_10m.tif;data/satellite/surat_thani_s1_corroboration/sentinel1/2026/S1A_IW_GRDH_1SDV_20260220T231050_20260220T231115_063309_07F348/VH_10m.tif,214128,VV_10m.tif:8dddf4ca4ec69cee695a769fb94ae641c42ae4fb4504af6337e02c4ed4a09203;VH_10m.tif:0454d133af102194fcc7035d40b41fa9f1eec12bfb5aee504e949627e9f1c914,provider=Microsoft Planetary Computer; yearly paginated STAC search; AOI coverage=0.250,downloaded-pending-raster-validation
sentinel1,S1A_IW_GRDH_1SDV_20260221T113604_20260221T113629_063317_07F392,sentinel-1a,2026-02-21T11:36:16.902437Z,2026-02-21T18:36:16.902437+07:00,,,,,,unverified,https://planetarycomputer.microsoft.com/api/stac/v1/collections/sentinel-1-grd/items/S1A_IW_GRDH_1SDV_20260221T113604_20260221T113629_063317_07F392,"Copernicus Sentinel Data Legal Notice - free, full and open access",EPSG:32647,10 pixel spacing (GRD),VV;VH,data/satellite/surat_thani_s1_corroboration/sentinel1/2026/S1A_IW_GRDH_1SDV_20260221T113604_20260221T113629_063317_07F392/VV_10m.tif;data/satellite/surat_thani_s1_corroboration/sentinel1/2026/S1A_IW_GRDH_1SDV_20260221T113604_20260221T113629_063317_07F392/VH_10m.tif,806528,VV_10m.tif:0c73da29bf21fd809332f8e7907d3547d9c976e66f66dbae3d2589f428e4292b;VH_10m.tif:08a24e0a88e9c1aabba5f721da12185c61ede59ee237eddaece42e4ded208b8a,provider=Microsoft Planetary Computer; yearly paginated STAC search; AOI coverage=1.000,downloaded-pending-raster-validation
sentinel1,S1A_IW_GRDH_1SDV_20260305T113604_20260305T113629_063492_07FA3F,sentinel-1a,2026-03-05T11:36:16.701993Z,2026-03-05T18:36:16.701993+07:00,,,,,,unverified,https://planetarycomputer.microsoft.com/api/stac/v1/collections/sentinel-1-grd/items/S1A_IW_GRDH_1SDV_20260305T113604_20260305T113629_063492_07FA3F,"Copernicus Sentinel Data Legal Notice - free, full and open access",EPSG:32647,10 pixel spacing (GRD),VV;VH,data/satellite/surat_thani_s1_corroboration/sentinel1/2026/S1A_IW_GRDH_1SDV_20260305T113604_20260305T113629_063492_07FA3F/VV_10m.tif;data/satellite/surat_thani_s1_corroboration/sentinel1/2026/S1A_IW_GRDH_1SDV_20260305T113604_20260305T113629_063492_07FA3F/VH_10m.tif,805777,VV_10m.tif:d65923efecda405d0b090ce5372845af70726a9c34981cefe7f631aec06bb2d7;VH_10m.tif:95f29d87731b9ce18789a3bcc6bb30a0056e1151028f88f2aa2c2fbb0d9bd7f4,provider=Microsoft Planetary Computer; yearly paginated STAC search; AOI coverage=1.000,downloaded-pending-raster-validation
sentinel1,S1A_IW_GRDH_1SDV_20260317T113604_20260317T113629_063667_0800D5,sentinel-1a,2026-03-17T11:36:16.765274Z,2026-03-17T18:36:16.765274+07:00,,,,,,unverified,https://planetarycomputer.microsoft.com/api/stac/v1/collections/sentinel-1-grd/items/S1A_IW_GRDH_1SDV_20260317T113604_20260317T113629_063667_0800D5,"Copernicus Sentinel Data Legal Notice - free, full and open access",EPSG:32647,10 pixel spacing (GRD),VV;VH,data/satellite/surat_thani_s1_corroboration/sentinel1/2026/S1A_IW_GRDH_1SDV_20260317T113604_20260317T113629_063667_0800D5/VV_10m.tif;data/satellite/surat_thani_s1_corroboration/sentinel1/2026/S1A_IW_GRDH_1SDV_20260317T113604_20260317T113629_063667_0800D5/VH_10m.tif,804532,VV_10m.tif:09f2c760e15650271ecc59793dbd567c009e498e3e3750558a11703360a6fc3f;VH_10m.tif:118fbba85a6761b2905bf3c1242fcb837eb0af7f8be5826c89db95e8eeb26194,provider=Microsoft Planetary Computer; yearly paginated STAC search; AOI coverage=1.000,downloaded-pending-raster-validation
sentinel1,S1A_IW_GRDH_1SDV_20260329T113604_20260329T113629_063842_08075C,sentinel-1a,2026-03-29T11:36:16.921914Z,2026-03-29T18:36:16.921914+07:00,,,,,,unverified,https://planetarycomputer.microsoft.com/api/stac/v1/collections/sentinel-1-grd/items/S1A_IW_GRDH_1SDV_20260329T113604_20260329T113629_063842_08075C,"Copernicus Sentinel Data Legal Notice - free, full and open access",EPSG:32647,10 pixel spacing (GRD),VV;VH,data/satellite/surat_thani_s1_corroboration/sentinel1/2026/S1A_IW_GRDH_1SDV_20260329T113604_20260329T113629_063842_08075C/VV_10m.tif;data/satellite/surat_thani_s1_corroboration/sentinel1/2026/S1A_IW_GRDH_1SDV_20260329T113604_20260329T113629_063842_08075C/VH_10m.tif,802717,VV_10m.tif:e417e781e8ff8a3e4a2fc037a1934f2d24a2b04c7bfddd7beceb182e371d5501;VH_10m.tif:bb530d5384a730bdea769d6dce9171f467a537cdb07c4a3f40150c773327b915,provider=Microsoft Planetary Computer; yearly paginated STAC search; AOI coverage=1.000,downloaded-pending-raster-validation
sentinel1,S1A_IW_GRDH_1SDV_20260409T231025_20260409T231050_064009_080DA2,sentinel-1a,2026-04-09T23:10:38.036891Z,2026-04-10T06:10:38.036891+07:00,,,,,,unverified,https://planetarycomputer.microsoft.com/api/stac/v1/collections/sentinel-1-grd/items/S1A_IW_GRDH_1SDV_20260409T231025_20260409T231050_064009_080DA2,"Copernicus Sentinel Data Legal Notice - free, full and open access",EPSG:32647,10 pixel spacing (GRD),VV;VH,data/satellite/surat_thani_s1_corroboration/sentinel1/2026/S1A_IW_GRDH_1SDV_20260409T231025_20260409T231050_064009_080DA2/VV_10m.tif;data/satellite/surat_thani_s1_corroboration/sentinel1/2026/S1A_IW_GRDH_1SDV_20260409T231025_20260409T231050_064009_080DA2/VH_10m.tif,564360,VV_10m.tif:4c421071770c32805612d26c542e53beae4fafc99aab424a70686ba463aeaf65;VH_10m.tif:51f16ecc3d5a4f32445349acd38d452f9cd230d2b45ba3f99650cd7915ad654e,provider=Microsoft Planetary Computer; yearly paginated STAC search; AOI coverage=0.751,downloaded-pending-raster-validation
sentinel1,S1A_IW_GRDH_1SDV_20260409T231050_20260409T231115_064009_080DA2,sentinel-1a,2026-04-09T23:11:03.036923Z,2026-04-10T06:11:03.036923+07:00,,,,,,unverified,https://planetarycomputer.microsoft.com/api/stac/v1/collections/sentinel-1-grd/items/S1A_IW_GRDH_1SDV_20260409T231050_20260409T231115_064009_080DA2,"Copernicus Sentinel Data Legal Notice - free, full and open access",EPSG:32647,10 pixel spacing (GRD),VV;VH,data/satellite/surat_thani_s1_corroboration/sentinel1/2026/S1A_IW_GRDH_1SDV_20260409T231050_20260409T231115_064009_080DA2/VV_10m.tif;data/satellite/surat_thani_s1_corroboration/sentinel1/2026/S1A_IW_GRDH_1SDV_20260409T231050_20260409T231115_064009_080DA2/VH_10m.tif,214489,VV_10m.tif:4cbb7b250f31365300a3bdcbff244eb6066468ea6c19a626983768696fb77dcc;VH_10m.tif:8870eaf238dee0d1b668d916afa1d8bf79e74dfb9b54bbe8000c6eb900c54040,provider=Microsoft Planetary Computer; yearly paginated STAC search; AOI coverage=0.247,downloaded-pending-raster-validation
sentinel1,S1A_IW_GRDH_1SDV_20260410T113604_20260410T113629_064017_080DEC,sentinel-1a,2026-04-10T11:36:17.042496Z,2026-04-10T18:36:17.042496+07:00,,,,,,unverified,https://planetarycomputer.microsoft.com/api/stac/v1/collections/sentinel-1-grd/items/S1A_IW_GRDH_1SDV_20260410T113604_20260410T113629_064017_080DEC,"Copernicus Sentinel Data Legal Notice - free, full and open access",EPSG:32647,10 pixel spacing (GRD),VV;VH,data/satellite/surat_thani_s1_corroboration/sentinel1/2026/S1A_IW_GRDH_1SDV_20260410T113604_20260410T113629_064017_080DEC/VV_10m.tif;data/satellite/surat_thani_s1_corroboration/sentinel1/2026/S1A_IW_GRDH_1SDV_20260410T113604_20260410T113629_064017_080DEC/VH_10m.tif,805110,VV_10m.tif:92cb9e3858f92a0bbdd1746ed65bccedadd16892e1eb9b0d96398f8432c10276;VH_10m.tif:b2e2412538d9737de77cbf0385b2c15ebbeeba3424185355c7cba15a587751e1,provider=Microsoft Planetary Computer; yearly paginated STAC search; AOI coverage=1.000,downloaded-pending-raster-validation
sentinel1,S1A_IW_GRDH_1SDV_20260421T231025_20260421T231050_064184_081428,sentinel-1a,2026-04-21T23:10:38.213886Z,2026-04-22T06:10:38.213886+07:00,,,,,,unverified,https://planetarycomputer.microsoft.com/api/stac/v1/collections/sentinel-1-grd/items/S1A_IW_GRDH_1SDV_20260421T231025_20260421T231050_064184_081428,"Copernicus Sentinel Data Legal Notice - free, full and open access",EPSG:32647,10 pixel spacing (GRD),VV;VH,data/satellite/surat_thani_s1_corroboration/sentinel1/2026/S1A_IW_GRDH_1SDV_20260421T231025_20260421T231050_064184_081428/VV_10m.tif;data/satellite/surat_thani_s1_corroboration/sentinel1/2026/S1A_IW_GRDH_1SDV_20260421T231025_20260421T231050_064184_081428/VH_10m.tif,567518,VV_10m.tif:272f6103f3dc448322ae81acd817d3bdfc154edd9f488b35cfd83006211a9c37;VH_10m.tif:1840033e582ed4641d55424e61e4efd9c4f01a854ff0e456cf0b21fdebd72165,provider=Microsoft Planetary Computer; yearly paginated STAC search; AOI coverage=0.755,downloaded-pending-raster-validation
sentinel1,S1A_IW_GRDH_1SDV_20260421T231050_20260421T231115_064184_081428,sentinel-1a,2026-04-21T23:11:03.214103Z,2026-04-22T06:11:03.214103+07:00,,,,,,unverified,https://planetarycomputer.microsoft.com/api/stac/v1/collections/sentinel-1-grd/items/S1A_IW_GRDH_1SDV_20260421T231050_20260421T231115_064184_081428,"Copernicus Sentinel Data Legal Notice - free, full and open access",EPSG:32647,10 pixel spacing (GRD),VV;VH,data/satellite/surat_thani_s1_corroboration/sentinel1/2026/S1A_IW_GRDH_1SDV_20260421T231050_20260421T231115_064184_081428/VV_10m.tif;data/satellite/surat_thani_s1_corroboration/sentinel1/2026/S1A_IW_GRDH_1SDV_20260421T231050_20260421T231115_064184_081428/VH_10m.tif,213686,VV_10m.tif:e8f87be8b9b12fd014d7743e7f2c6ad17295a7273106ed34641277a3467065ce;VH_10m.tif:27930e32d5dd73cc79d00dda7f313ae142631fb7419234c5040b1ae00f582023,provider=Microsoft Planetary Computer; yearly paginated STAC search; AOI coverage=0.243,downloaded-pending-raster-validation
sentinel1,S1A_IW_GRDH_1SDV_20260422T113604_20260422T113629_064192_081475,sentinel-1a,2026-04-22T11:36:17.254778Z,2026-04-22T18:36:17.254778+07:00,,,,,,unverified,https://planetarycomputer.microsoft.com/api/stac/v1/collections/sentinel-1-grd/items/S1A_IW_GRDH_1SDV_20260422T113604_20260422T113629_064192_081475,"Copernicus Sentinel Data Legal Notice - free, full and open access",EPSG:32647,10 pixel spacing (GRD),VV;VH,data/satellite/surat_thani_s1_corroboration/sentinel1/2026/S1A_IW_GRDH_1SDV_20260422T113604_20260422T113629_064192_081475/VV_10m.tif;data/satellite/surat_thani_s1_corroboration/sentinel1/2026/S1A_IW_GRDH_1SDV_20260422T113604_20260422T113629_064192_081475/VH_10m.tif,804493,VV_10m.tif:e07469a8b550a6c3281c2d54ef41f08a324de753c0ef9bfe47c35e681b1156a8;VH_10m.tif:2f9624e1a9cd2c740241a53a95a0404137ea1ebd93da5c85ad89cceb6bed6d92,provider=Microsoft Planetary Computer; yearly paginated STAC search; AOI coverage=1.000,downloaded-pending-raster-validation
