year,station_code,station_name,datum,candidate_url,resolved_url,http_status,content_type,size_bytes,pdf_magic_valid,status
2015,LS,laem_sing,LLW,https://hydro.navy.mi.th/download/Water_level58/LLW/LS2015.pdf,,404,text/html; charset=UTF-8,0,False,NOT_FOUND
2015,LS,laem_sing,MSL,https://hydro.navy.mi.th/download/Water_level58/MSL/LS2015MSL.pdf,,404,text/html; charset=UTF-8,0,False,NOT_FOUND
2015,MT,map_ta_phut,LLW,https://hydro.navy.mi.th/download/Water_level58/LLW/MT2015.pdf,,404,text/html; charset=UTF-8,0,False,NOT_FOUND
2015,MT,map_ta_phut,MSL,https://hydro.navy.mi.th/download/Water_level58/MSL/MT2015MSL.pdf,,404,text/html; charset=UTF-8,0,False,NOT_FOUND
2015,PR,pak_nam_rayong,LLW,https://hydro.navy.mi.th/download/Water_level58/LLW/PR2015.pdf,,404,text/html; charset=UTF-8,0,False,NOT_FOUND
2015,PR,pak_nam_rayong,MSL,https://hydro.navy.mi.th/download/Water_level58/MSL/PR2015MSL.pdf,,404,text/html; charset=UTF-8,0,False,NOT_FOUND
2015,TN,annual_index,LLW,https://hydro.navy.mi.th/download/Water_level58/LLW/TN2015.pdf,,404,text/html; charset=UTF-8,0,False,NOT_FOUND
2015,TN,annual_index,MSL,https://hydro.navy.mi.th/download/Water_level58/MSL/TN2015MSL.pdf,,404,text/html; charset=UTF-8,0,False,NOT_FOUND
2016,LS,laem_sing,LLW,https://hydro.navy.mi.th/download/Water_level59/LLW/LS2016.pdf,,404,text/html; charset=UTF-8,0,False,NOT_FOUND
2016,LS,laem_sing,MSL,https://hydro.navy.mi.th/download/Water_level59/MSL/LS2016MSL.pdf,,404,text/html; charset=UTF-8,0,False,NOT_FOUND
2016,MT,map_ta_phut,LLW,https://hydro.navy.mi.th/download/Water_level59/LLW/MT2016.pdf,,404,text/html; charset=UTF-8,0,False,NOT_FOUND
2016,MT,map_ta_phut,MSL,https://hydro.navy.mi.th/download/Water_level59/MSL/MT2016MSL.pdf,,404,text/html; charset=UTF-8,0,False,NOT_FOUND
2016,PR,pak_nam_rayong,LLW,https://hydro.navy.mi.th/download/Water_level59/LLW/PR2016.pdf,,404,text/html; charset=UTF-8,0,False,NOT_FOUND
2016,PR,pak_nam_rayong,MSL,https://hydro.navy.mi.th/download/Water_level59/MSL/PR2016MSL.pdf,,404,text/html; charset=UTF-8,0,False,NOT_FOUND
2016,TN,annual_index,LLW,https://hydro.navy.mi.th/download/Water_level59/LLW/TN2016.pdf,,404,text/html; charset=UTF-8,0,False,NOT_FOUND
2016,TN,annual_index,MSL,https://hydro.navy.mi.th/download/Water_level59/MSL/TN2016MSL.pdf,,404,text/html; charset=UTF-8,0,False,NOT_FOUND
2017,LS,laem_sing,LLW,https://hydro.navy.mi.th/download/Water_level60/LLW/LS2017.pdf,,404,text/html; charset=UTF-8,0,False,NOT_FOUND
2017,LS,laem_sing,MSL,https://hydro.navy.mi.th/download/Water_level60/MSL/LS2017MSL.pdf,,404,text/html; charset=UTF-8,0,False,NOT_FOUND
2017,MT,map_ta_phut,LLW,https://hydro.navy.mi.th/download/Water_level60/LLW/MT2017.pdf,,404,text/html; charset=UTF-8,0,False,NOT_FOUND
2017,MT,map_ta_phut,MSL,https://hydro.navy.mi.th/download/Water_level60/MSL/MT2017MSL.pdf,,404,text/html; charset=UTF-8,0,False,NOT_FOUND
2017,PR,pak_nam_rayong,LLW,https://hydro.navy.mi.th/download/Water_level60/LLW/PR2017.pdf,,404,text/html; charset=UTF-8,0,False,NOT_FOUND
2017,PR,pak_nam_rayong,MSL,https://hydro.navy.mi.th/download/Water_level60/MSL/PR2017MSL.pdf,,404,text/html; charset=UTF-8,0,False,NOT_FOUND
2017,TN,annual_index,LLW,https://hydro.navy.mi.th/download/Water_level60/LLW/TN2017.pdf,,404,text/html; charset=UTF-8,0,False,NOT_FOUND
2017,TN,annual_index,MSL,https://hydro.navy.mi.th/download/Water_level60/MSL/TN2017MSL.pdf,,404,text/html; charset=UTF-8,0,False,NOT_FOUND
2018,LS,laem_sing,LLW,https://hydro.navy.mi.th/download/Water_level61/LLW/LS2018.pdf,,404,text/html; charset=UTF-8,0,False,NOT_FOUND
2018,LS,laem_sing,MSL,https://hydro.navy.mi.th/download/Water_level61/MSL/LS2018MSL.pdf,,404,text/html; charset=UTF-8,0,False,NOT_FOUND
2018,MT,map_ta_phut,LLW,https://hydro.navy.mi.th/download/Water_level61/LLW/MT2018.pdf,,404,text/html; charset=UTF-8,0,False,NOT_FOUND
2018,MT,map_ta_phut,MSL,https://hydro.navy.mi.th/download/Water_level61/MSL/MT2018MSL.pdf,,404,text/html; charset=UTF-8,0,False,NOT_FOUND
2018,PR,pak_nam_rayong,LLW,https://hydro.navy.mi.th/download/Water_level61/LLW/PR2018.pdf,,404,text/html; charset=UTF-8,0,False,NOT_FOUND
2018,PR,pak_nam_rayong,MSL,https://hydro.navy.mi.th/download/Water_level61/MSL/PR2018MSL.pdf,,404,text/html; charset=UTF-8,0,False,NOT_FOUND
2018,TN,annual_index,LLW,https://hydro.navy.mi.th/download/Water_level61/LLW/TN2018.pdf,,404,text/html; charset=UTF-8,0,False,NOT_FOUND
2018,TN,annual_index,MSL,https://hydro.navy.mi.th/download/Water_level61/MSL/TN2018MSL.pdf,,404,text/html; charset=UTF-8,0,False,NOT_FOUND
2019,LS,laem_sing,LLW,https://hydro.navy.mi.th/download/Water_level62/LLW/LS2019.pdf,,404,text/html; charset=UTF-8,0,False,NOT_FOUND
2019,LS,laem_sing,MSL,https://hydro.navy.mi.th/download/Water_level62/MSL/LS2019MSL.pdf,,429,text/html; charset=UTF-8,0,False,NOT_FOUND
2019,MT,map_ta_phut,LLW,https://hydro.navy.mi.th/download/Water_level62/LLW/MT2019.pdf,,404,text/html; charset=UTF-8,0,False,NOT_FOUND
2019,MT,map_ta_phut,MSL,https://hydro.navy.mi.th/download/Water_level62/MSL/MT2019MSL.pdf,,429,text/html; charset=UTF-8,0,False,NOT_FOUND
2019,PR,pak_nam_rayong,LLW,https://hydro.navy.mi.th/download/Water_level62/LLW/PR2019.pdf,,404,text/html; charset=UTF-8,0,False,NOT_FOUND
2019,PR,pak_nam_rayong,MSL,https://hydro.navy.mi.th/download/Water_level62/MSL/PR2019MSL.pdf,,429,text/html; charset=UTF-8,0,False,NOT_FOUND
2019,TN,annual_index,LLW,https://hydro.navy.mi.th/download/Water_level62/LLW/TN2019.pdf,,404,text/html; charset=UTF-8,0,False,NOT_FOUND
2019,TN,annual_index,MSL,https://hydro.navy.mi.th/download/Water_level62/MSL/TN2019MSL.pdf,,404,text/html; charset=UTF-8,0,False,NOT_FOUND
2020,LS,laem_sing,LLW,https://hydro.navy.mi.th/download/Water_level63/LLW/LS2020.pdf,,404,text/html; charset=UTF-8,0,False,NOT_FOUND
2020,LS,laem_sing,MSL,https://hydro.navy.mi.th/download/Water_level63/MSL/LS2020MSL.pdf,,429,text/html; charset=UTF-8,0,False,NOT_FOUND
2020,MT,map_ta_phut,LLW,https://hydro.navy.mi.th/download/Water_level63/LLW/MT2020.pdf,,404,text/html; charset=UTF-8,0,False,NOT_FOUND
2020,MT,map_ta_phut,MSL,https://hydro.navy.mi.th/download/Water_level63/MSL/MT2020MSL.pdf,,429,text/html; charset=UTF-8,0,False,NOT_FOUND
2020,PR,pak_nam_rayong,LLW,https://hydro.navy.mi.th/download/Water_level63/LLW/PR2020.pdf,,404,text/html; charset=UTF-8,0,False,NOT_FOUND
2020,PR,pak_nam_rayong,MSL,https://hydro.navy.mi.th/download/Water_level63/MSL/PR2020MSL.pdf,,429,text/html; charset=UTF-8,0,False,NOT_FOUND
2020,TN,annual_index,LLW,https://hydro.navy.mi.th/download/Water_level63/LLW/TN2020.pdf,,404,text/html; charset=UTF-8,0,False,NOT_FOUND
2020,TN,annual_index,MSL,https://hydro.navy.mi.th/download/Water_level63/MSL/TN2020MSL.pdf,,429,text/html; charset=UTF-8,0,False,NOT_FOUND
2021,LS,laem_sing,LLW,https://hydro.navy.mi.th/download/Water_level64/LLW/LS2021.pdf,,404,text/html; charset=UTF-8,0,False,NOT_FOUND
2021,LS,laem_sing,MSL,https://hydro.navy.mi.th/download/Water_level64/MSL/LS2021MSL.pdf,,429,text/html; charset=UTF-8,0,False,NOT_FOUND
2021,MT,map_ta_phut,LLW,https://hydro.navy.mi.th/download/Water_level64/LLW/MT2021.pdf,,404,text/html; charset=UTF-8,0,False,NOT_FOUND
2021,MT,map_ta_phut,MSL,https://hydro.navy.mi.th/download/Water_level64/MSL/MT2021MSL.pdf,,429,text/html; charset=UTF-8,0,False,NOT_FOUND
2021,PR,pak_nam_rayong,LLW,https://hydro.navy.mi.th/download/Water_level64/LLW/PR2021.pdf,,404,text/html; charset=UTF-8,0,False,NOT_FOUND
2021,PR,pak_nam_rayong,MSL,https://hydro.navy.mi.th/download/Water_level64/MSL/PR2021MSL.pdf,,429,text/html; charset=UTF-8,0,False,NOT_FOUND
2021,TN,annual_index,LLW,https://hydro.navy.mi.th/download/Water_level64/LLW/TN2021.pdf,,404,text/html; charset=UTF-8,0,False,NOT_FOUND
2021,TN,annual_index,MSL,https://hydro.navy.mi.th/download/Water_level64/MSL/TN2021MSL.pdf,,429,text/html; charset=UTF-8,0,False,NOT_FOUND
2022,LS,laem_sing,LLW,https://hydro.navy.mi.th/download/Water_level65/LLW/LS2022.pdf,,404,text/html; charset=UTF-8,0,False,NOT_FOUND
2022,LS,laem_sing,MSL,https://hydro.navy.mi.th/download/Water_level65/MSL/LS2022MSL.pdf,,429,text/html; charset=UTF-8,0,False,NOT_FOUND
2022,MT,map_ta_phut,LLW,https://hydro.navy.mi.th/download/Water_level65/LLW/MT2022.pdf,,404,text/html; charset=UTF-8,0,False,NOT_FOUND
2022,MT,map_ta_phut,MSL,https://hydro.navy.mi.th/download/Water_level65/MSL/MT2022MSL.pdf,,429,text/html; charset=UTF-8,0,False,NOT_FOUND
2022,PR,pak_nam_rayong,LLW,https://hydro.navy.mi.th/download/Water_level65/LLW/PR2022.pdf,,404,text/html; charset=UTF-8,0,False,NOT_FOUND
2022,PR,pak_nam_rayong,MSL,https://hydro.navy.mi.th/download/Water_level65/MSL/PR2022MSL.pdf,,429,text/html; charset=UTF-8,0,False,NOT_FOUND
2022,TN,annual_index,LLW,https://hydro.navy.mi.th/download/Water_level65/LLW/TN2022.pdf,,404,text/html; charset=UTF-8,0,False,NOT_FOUND
2022,TN,annual_index,MSL,https://hydro.navy.mi.th/download/Water_level65/MSL/TN2022MSL.pdf,,429,text/html; charset=UTF-8,0,False,NOT_FOUND
2023,LS,laem_sing,LLW,https://hydro.navy.mi.th/download/Water_level66/LLW/LS2023.pdf,,429,text/html; charset=UTF-8,0,False,NOT_FOUND
2023,LS,laem_sing,MSL,https://hydro.navy.mi.th/download/Water_level66/MSL/LS2023MSL.pdf,,429,text/html; charset=UTF-8,0,False,NOT_FOUND
2023,MT,map_ta_phut,LLW,https://hydro.navy.mi.th/download/Water_level66/LLW/MT2023.pdf,,429,text/html; charset=UTF-8,0,False,NOT_FOUND
2023,MT,map_ta_phut,MSL,https://hydro.navy.mi.th/download/Water_level66/MSL/MT2023MSL.pdf,,429,text/html; charset=UTF-8,0,False,NOT_FOUND
2023,PR,pak_nam_rayong,LLW,https://hydro.navy.mi.th/download/Water_level66/LLW/PR2023.pdf,,429,text/html; charset=UTF-8,0,False,NOT_FOUND
2023,PR,pak_nam_rayong,MSL,https://hydro.navy.mi.th/download/Water_level66/MSL/PR2023MSL.pdf,,429,text/html; charset=UTF-8,0,False,NOT_FOUND
2023,TN,annual_index,LLW,https://hydro.navy.mi.th/download/Water_level66/LLW/TN2023.pdf,,429,text/html; charset=UTF-8,0,False,NOT_FOUND
2023,TN,annual_index,MSL,https://hydro.navy.mi.th/download/Water_level66/MSL/TN2023MSL.pdf,,429,text/html; charset=UTF-8,0,False,NOT_FOUND
2024,LS,laem_sing,LLW,https://hydro.navy.mi.th/download/Water_level67/LLW/LS2024.pdf,,429,text/html; charset=UTF-8,0,False,NOT_FOUND
2024,LS,laem_sing,MSL,https://hydro.navy.mi.th/download/Water_level67/MSL/LS2024MSL.pdf,,429,text/html; charset=UTF-8,0,False,NOT_FOUND
2024,MT,map_ta_phut,LLW,https://hydro.navy.mi.th/download/Water_level67/LLW/MT2024.pdf,,429,text/html; charset=UTF-8,0,False,NOT_FOUND
2024,MT,map_ta_phut,MSL,https://hydro.navy.mi.th/download/Water_level67/MSL/MT2024MSL.pdf,,429,text/html; charset=UTF-8,0,False,NOT_FOUND
2024,PR,pak_nam_rayong,LLW,https://hydro.navy.mi.th/download/Water_level67/LLW/PR2024.pdf,,429,text/html; charset=UTF-8,0,False,NOT_FOUND
2024,PR,pak_nam_rayong,MSL,https://hydro.navy.mi.th/download/Water_level67/MSL/PR2024MSL.pdf,,429,text/html; charset=UTF-8,0,False,NOT_FOUND
2024,TN,annual_index,LLW,https://hydro.navy.mi.th/download/Water_level67/LLW/TN2024.pdf,,429,text/html; charset=UTF-8,0,False,NOT_FOUND
2024,TN,annual_index,MSL,https://hydro.navy.mi.th/download/Water_level67/MSL/TN2024MSL.pdf,,429,text/html; charset=UTF-8,0,False,NOT_FOUND
2025,LS,laem_sing,LLW,https://hydro.navy.mi.th/download/Water_level68/LLW/LS2025.pdf,,429,text/html; charset=UTF-8,0,False,NOT_FOUND
2025,LS,laem_sing,MSL,https://hydro.navy.mi.th/download/Water_level68/MSL/LS2025MSL.pdf,,429,text/html; charset=UTF-8,0,False,NOT_FOUND
2025,MT,map_ta_phut,LLW,https://hydro.navy.mi.th/download/Water_level68/LLW/MT2025.pdf,,429,text/html; charset=UTF-8,0,False,NOT_FOUND
2025,MT,map_ta_phut,MSL,https://hydro.navy.mi.th/download/Water_level68/MSL/MT2025MSL.pdf,,429,text/html; charset=UTF-8,0,False,NOT_FOUND
2025,PR,pak_nam_rayong,LLW,https://hydro.navy.mi.th/download/Water_level68/LLW/PR2025.pdf,,429,text/html; charset=UTF-8,0,False,NOT_FOUND
2025,PR,pak_nam_rayong,MSL,https://hydro.navy.mi.th/download/Water_level68/MSL/PR2025MSL.pdf,,429,text/html; charset=UTF-8,0,False,NOT_FOUND
2025,TN,annual_index,LLW,https://hydro.navy.mi.th/download/Water_level68/LLW/TN2025.pdf,,429,text/html; charset=UTF-8,0,False,NOT_FOUND
2025,TN,annual_index,MSL,https://hydro.navy.mi.th/download/Water_level68/MSL/TN2025MSL.pdf,,429,text/html; charset=UTF-8,0,False,NOT_FOUND
2026,LS,laem_sing,LLW,local_cache,local_cache,200,application/pdf,927749,True,FOUND
2026,LS,laem_sing,MSL,local_cache,local_cache,200,application/pdf,815953,True,FOUND
2026,MT,map_ta_phut,LLW,local_cache,local_cache,200,application/pdf,928320,True,FOUND
2026,MT,map_ta_phut,MSL,local_cache,local_cache,200,application/pdf,816745,True,FOUND
2026,PR,pak_nam_rayong,LLW,local_cache,local_cache,200,application/pdf,928275,True,FOUND
2026,PR,pak_nam_rayong,MSL,local_cache,local_cache,200,application/pdf,816062,True,FOUND
2026,TN,annual_index,LLW,https://hydro.navy.mi.th/download/Water_level69/LLW/TN2026.pdf,,429,text/html; charset=UTF-8,0,False,NOT_FOUND
2026,TN,annual_index,MSL,https://hydro.navy.mi.th/download/Water_level69/MSL/TN2026MSL.pdf,,429,text/html; charset=UTF-8,0,False,NOT_FOUND
