plot_id,valid_pixels_2023,ndvi_change_2023_2025,ndvi_change_2023_2026,vegetation_fraction_change_2023_2025,vegetation_fraction_change_2023_2026,water_fraction_change_2023_2025,water_fraction_change_2023_2026,confidence
91-STC,1117,0.06749,0.06487,0.04208,0.04835,0.0,0.0,LOW
92-STC,400,0.07269,0.08324,0.0525,0.065,0.0,-0.005,LOW
93-STC,314,0.06353,0.0838,0.05095,0.05095,-0.00955,-0.01274,LOW
94-STC,120,0.06018,0.08202,0.08333,0.09166,0.0,0.0,LOW
95-STC,93,0.06997,0.09153,0.13979,0.13979,-0.03226,-0.03226,LOW
96-STC,21,0.06284,0.0823,0.09524,0.14286,0.0,0.0,LOW
97-STC,65,0.0578,0.07765,0.01538,0.03077,0.0,0.0,LOW
98-STC,13,0.06434,0.08807,0.15384,0.23077,0.0,0.0,LOW
87-VSD,404,0.02352,0.04187,0.01486,0.06931,0.00495,0.0,LOW
