output_path,source_scene,source_scene_classification,status,reason
data/analysis/rayong/shorelines/2021-02-20_ndwi_fixed.geojson,S2B_MSIL2A_20210220T033759_R061_T47PPQ_20210220T142342,SAMUT_SONGKHRAM,INVALID_WRONG_AOI,Derived from SAMUT_SONGKHRAM scene
data/analysis/rayong/shorelines/2022-01-06_mndwi_otsu.geojson,S2B_MSIL2A_20220106T034129_R061_T47PPQ_20220107T070715,SAMUT_SONGKHRAM,INVALID_WRONG_AOI,Derived from SAMUT_SONGKHRAM scene
data/analysis/rayong/shorelines/2025-12-03.geojson,S2A_MSIL2A_20251203T034201_R061_T47PPQ_20251203T073813,SAMUT_SONGKHRAM,INVALID_WRONG_AOI,Derived from SAMUT_SONGKHRAM scene
data/analysis/rayong/shorelines/2017-02-26_ndwi_otsu.geojson,S2A_MSIL2A_20170226T033711_R061_T47PPQ_20210208T171545,SAMUT_SONGKHRAM,INVALID_WRONG_AOI,Derived from SAMUT_SONGKHRAM scene
data/analysis/rayong/shorelines/2020-01-27_mndwi_fixed.geojson,S2B_MSIL2A_20200127T034019_R061_T47PPQ_20201002T124351,SAMUT_SONGKHRAM,INVALID_WRONG_AOI,Derived from SAMUT_SONGKHRAM scene
data/analysis/rayong/shorelines/2019-03-23_ndwi_fixed.geojson,S2B_MSIL2A_20190323T033719_R061_T47PPQ_20201007T094741,SAMUT_SONGKHRAM,INVALID_WRONG_AOI,Derived from SAMUT_SONGKHRAM scene
data/analysis/rayong/shorelines/2023-03-07.geojson,S2A_MSIL2A_20230307T033611_R061_T47PPQ_20230307T092426,SAMUT_SONGKHRAM,INVALID_WRONG_AOI,Derived from SAMUT_SONGKHRAM scene
data/analysis/rayong/shorelines/2022-01-06_ndwi_otsu.geojson,S2B_MSIL2A_20220106T034129_R061_T47PPQ_20220107T070715,SAMUT_SONGKHRAM,INVALID_WRONG_AOI,Derived from SAMUT_SONGKHRAM scene
data/analysis/rayong/shorelines/2018-03-08_ndwi_fixed.geojson,S2B_MSIL2A_20180308T033559_R061_T47PPQ_20201013T080519,SAMUT_SONGKHRAM,INVALID_WRONG_AOI,Derived from SAMUT_SONGKHRAM scene
data/analysis/rayong/shorelines/2023-01-16_ndwi_fixed.geojson,S2A_MSIL2A_20230116T034101_R061_T47PPQ_20230116T130750,SAMUT_SONGKHRAM,INVALID_WRONG_AOI,Derived from SAMUT_SONGKHRAM scene
data/analysis/rayong/shorelines/2020-02-21_mndwi_fixed.geojson,S2A_MSIL2A_20200221T033751_R061_T47PPQ_20200927T123229,SAMUT_SONGKHRAM,INVALID_WRONG_AOI,Derived from SAMUT_SONGKHRAM scene
data/analysis/rayong/shorelines/2025-03-01_mndwi_otsu.geojson,S2B_MSIL2A_20250301T033559_R061_T47PPQ_20250301T061709,SAMUT_SONGKHRAM,INVALID_WRONG_AOI,Derived from SAMUT_SONGKHRAM scene
data/analysis/rayong/shorelines/2026-04-12_ndwi_fixed.geojson,S2A_MSIL2A_20260412T034201_R061_T47PPQ_20260412T083214,SAMUT_SONGKHRAM,INVALID_WRONG_AOI,Derived from SAMUT_SONGKHRAM scene
data/analysis/rayong/shorelines/2018-03-03_mndwi_otsu.geojson,S2A_MSIL2A_20180303T033641_R061_T47PPQ_20201013T055010,SAMUT_SONGKHRAM,INVALID_WRONG_AOI,Derived from SAMUT_SONGKHRAM scene
data/analysis/rayong/shorelines/2025-04-20_mndwi_fixed.geojson,S2B_MSIL2A_20250420T033539_R061_T47PPQ_20250420T071841,SAMUT_SONGKHRAM,INVALID_WRONG_AOI,Derived from SAMUT_SONGKHRAM scene
data/analysis/rayong/shorelines/2021-01-31_ndwi_otsu.geojson,S2B_MSIL2A_20210131T033959_R061_T47PPQ_20210202T120414,SAMUT_SONGKHRAM,INVALID_WRONG_AOI,Derived from SAMUT_SONGKHRAM scene
data/analysis/rayong/shorelines/2018-03-03.geojson,S2A_MSIL2A_20180303T033641_R061_T47PPQ_20201013T055010,SAMUT_SONGKHRAM,INVALID_WRONG_AOI,Derived from SAMUT_SONGKHRAM scene
data/analysis/rayong/shorelines/2024-01-01_mndwi_fixed.geojson,S2A_MSIL2A_20240101T034141_R061_T47PPQ_20240101T071808,SAMUT_SONGKHRAM,INVALID_WRONG_AOI,Derived from SAMUT_SONGKHRAM scene
data/analysis/rayong/shorelines/2017-02-26_ndwi_fixed.geojson,S2A_MSIL2A_20170226T033711_R061_T47PPQ_20210208T171545,SAMUT_SONGKHRAM,INVALID_WRONG_AOI,Derived from SAMUT_SONGKHRAM scene
data/analysis/rayong/shorelines/2024-04-20_ndwi_fixed.geojson,S2A_MSIL2A_20240420T033541_R061_T47PPQ_20240420T101520,SAMUT_SONGKHRAM,INVALID_WRONG_AOI,Derived from SAMUT_SONGKHRAM scene
data/analysis/rayong/shorelines/2025-04-20_mndwi_otsu.geojson,S2B_MSIL2A_20250420T033539_R061_T47PPQ_20250420T071841,SAMUT_SONGKHRAM,INVALID_WRONG_AOI,Derived from SAMUT_SONGKHRAM scene
data/analysis/rayong/shorelines/2026-01-12_mndwi_fixed.geojson,S2A_MSIL2A_20260112T034201_R061_T47PPQ_20260112T073809,SAMUT_SONGKHRAM,INVALID_WRONG_AOI,Derived from SAMUT_SONGKHRAM scene
data/analysis/rayong/shorelines/2017-01-27_mndwi_otsu.geojson,S2A_MSIL2A_20170127T034011_R061_T47PPQ_20210207T211817,SAMUT_SONGKHRAM,INVALID_WRONG_AOI,Derived from SAMUT_SONGKHRAM scene
data/analysis/rayong/shorelines/2022-04-21_ndwi_fixed.geojson,S2A_MSIL2A_20220421T033541_R061_T47PPQ_20220421T223928,SAMUT_SONGKHRAM,INVALID_WRONG_AOI,Derived from SAMUT_SONGKHRAM scene
data/analysis/rayong/shorelines/2020-01-27_mndwi_otsu.geojson,S2B_MSIL2A_20200127T034019_R061_T47PPQ_20201002T124351,SAMUT_SONGKHRAM,INVALID_WRONG_AOI,Derived from SAMUT_SONGKHRAM scene
data/analysis/rayong/shorelines/2023-04-21_mndwi_otsu.geojson,S2B_MSIL2A_20230421T033539_R061_T47PPQ_20230421T214437,SAMUT_SONGKHRAM,INVALID_WRONG_AOI,Derived from SAMUT_SONGKHRAM scene
data/analysis/rayong/shorelines/2026-04-05_mndwi_fixed.geojson,S2B_MSIL2A_20260405T033539_R061_T47PPQ_20260405T072236,SAMUT_SONGKHRAM,INVALID_WRONG_AOI,Derived from SAMUT_SONGKHRAM scene
data/analysis/rayong/shorelines/2021-02-20_ndwi_otsu.geojson,S2B_MSIL2A_20210220T033759_R061_T47PPQ_20210220T142342,SAMUT_SONGKHRAM,INVALID_WRONG_AOI,Derived from SAMUT_SONGKHRAM scene
data/analysis/rayong/shorelines/2022-04-21_mndwi_fixed.geojson,S2A_MSIL2A_20220421T033541_R061_T47PPQ_20220421T223928,SAMUT_SONGKHRAM,INVALID_WRONG_AOI,Derived from SAMUT_SONGKHRAM scene
data/analysis/rayong/shorelines/2024-01-01_ndwi_fixed.geojson,S2A_MSIL2A_20240101T034141_R061_T47PPQ_20240101T071808,SAMUT_SONGKHRAM,INVALID_WRONG_AOI,Derived from SAMUT_SONGKHRAM scene
data/analysis/rayong/shorelines/2018-03-08_ndwi_otsu.geojson,S2B_MSIL2A_20180308T033559_R061_T47PPQ_20201013T080519,SAMUT_SONGKHRAM,INVALID_WRONG_AOI,Derived from SAMUT_SONGKHRAM scene
data/analysis/rayong/shorelines/2021-01-01_ndwi_otsu.geojson,S2B_MSIL2A_20210101T034139_R061_T47PPQ_20210101T215221,SAMUT_SONGKHRAM,INVALID_WRONG_AOI,Derived from SAMUT_SONGKHRAM scene
data/analysis/rayong/shorelines/2022-01-31_mndwi_fixed.geojson,S2A_MSIL2A_20220131T034001_R061_T47PPQ_20220216T134036,SAMUT_SONGKHRAM,INVALID_WRONG_AOI,Derived from SAMUT_SONGKHRAM scene
data/analysis/rayong/shorelines/2021-01-01_mndwi_otsu.geojson,S2B_MSIL2A_20210101T034139_R061_T47PPQ_20210101T215221,SAMUT_SONGKHRAM,INVALID_WRONG_AOI,Derived from SAMUT_SONGKHRAM scene
data/analysis/rayong/shorelines/2025-03-26_ndwi_otsu.geojson,S2C_MSIL2A_20250326T033601_R061_T47PPQ_20250326T085914,SAMUT_SONGKHRAM,INVALID_WRONG_AOI,Derived from SAMUT_SONGKHRAM scene
data/analysis/rayong/shorelines/2025-12-03_ndwi_otsu.geojson,S2A_MSIL2A_20251203T034201_R061_T47PPQ_20251203T073813,SAMUT_SONGKHRAM,INVALID_WRONG_AOI,Derived from SAMUT_SONGKHRAM scene
data/analysis/rayong/shorelines/2018-03-08_mndwi_fixed.geojson,S2B_MSIL2A_20180308T033559_R061_T47PPQ_20201013T080519,SAMUT_SONGKHRAM,INVALID_WRONG_AOI,Derived from SAMUT_SONGKHRAM scene
data/analysis/rayong/shorelines/2025-02-09_ndwi_otsu.geojson,S2B_47PQQ_20250209_0_L2A,RAYONG_CONFIRMED,VALID,Matches confirmed Rayong footprint
data/analysis/rayong/shorelines/2019-02-21_mndwi_otsu.geojson,S2B_MSIL2A_20190221T033749_R061_T47PPQ_20201007T191151,SAMUT_SONGKHRAM,INVALID_WRONG_AOI,Derived from SAMUT_SONGKHRAM scene
data/analysis/rayong/shorelines/2021-01-31_mndwi_otsu.geojson,S2B_MSIL2A_20210131T033959_R061_T47PPQ_20210202T120414,SAMUT_SONGKHRAM,INVALID_WRONG_AOI,Derived from SAMUT_SONGKHRAM scene
data/analysis/rayong/shorelines/2018-02-06_mndwi_fixed.geojson,S2B_47PPQ_20180206_0_L2A,SAMUT_SONGKHRAM,INVALID_WRONG_AOI,Derived from SAMUT_SONGKHRAM scene
data/analysis/rayong/shorelines/2024-02-15_ndwi_fixed.geojson,S2B_MSIL2A_20240215T033839_R061_T47PPQ_20240215T081416,SAMUT_SONGKHRAM,INVALID_WRONG_AOI,Derived from SAMUT_SONGKHRAM scene
data/analysis/rayong/shorelines/2025-12-03_mndwi_otsu.geojson,S2A_MSIL2A_20251203T034201_R061_T47PPQ_20251203T073813,SAMUT_SONGKHRAM,INVALID_WRONG_AOI,Derived from SAMUT_SONGKHRAM scene
data/analysis/rayong/shorelines/2020-01-27_ndwi_otsu.geojson,S2B_MSIL2A_20200127T034019_R061_T47PPQ_20201002T124351,SAMUT_SONGKHRAM,INVALID_WRONG_AOI,Derived from SAMUT_SONGKHRAM scene
data/analysis/rayong/shorelines/2020-01-07_mndwi_otsu.geojson,S2B_MSIL2A_20200107T034129_R061_T47PPQ_20201029T120132,SAMUT_SONGKHRAM,INVALID_WRONG_AOI,Derived from SAMUT_SONGKHRAM scene
data/analysis/rayong/shorelines/2023-03-07_ndwi_otsu.geojson,S2A_MSIL2A_20230307T033611_R061_T47PPQ_20230307T092426,SAMUT_SONGKHRAM,INVALID_WRONG_AOI,Derived from SAMUT_SONGKHRAM scene
data/analysis/rayong/shorelines/2025-03-26_mndwi_fixed.geojson,S2C_MSIL2A_20250326T033601_R061_T47PPQ_20250326T085914,SAMUT_SONGKHRAM,INVALID_WRONG_AOI,Derived from SAMUT_SONGKHRAM scene
data/analysis/rayong/shorelines/2019-04-17_mndwi_otsu.geojson,S2A_MSIL2A_20190417T033541_R061_T47PPQ_20201007T030428,SAMUT_SONGKHRAM,INVALID_WRONG_AOI,Derived from SAMUT_SONGKHRAM scene
data/analysis/rayong/shorelines/2023-04-21_ndwi_otsu.geojson,S2B_MSIL2A_20230421T033539_R061_T47PPQ_20230421T214437,SAMUT_SONGKHRAM,INVALID_WRONG_AOI,Derived from SAMUT_SONGKHRAM scene
data/analysis/rayong/shorelines/2021-01-01.geojson,S2B_MSIL2A_20210101T034139_R061_T47PPQ_20210101T215221,SAMUT_SONGKHRAM,INVALID_WRONG_AOI,Derived from SAMUT_SONGKHRAM scene
data/analysis/rayong/shorelines/2019-03-23_mndwi_fixed.geojson,S2B_MSIL2A_20190323T033719_R061_T47PPQ_20201007T094741,SAMUT_SONGKHRAM,INVALID_WRONG_AOI,Derived from SAMUT_SONGKHRAM scene
data/analysis/rayong/shorelines/2019-02-21_ndwi_fixed.geojson,S2B_MSIL2A_20190221T033749_R061_T47PPQ_20201007T191151,SAMUT_SONGKHRAM,INVALID_WRONG_AOI,Derived from SAMUT_SONGKHRAM scene
data/analysis/rayong/shorelines/2021-01-01_ndwi_fixed.geojson,S2B_MSIL2A_20210101T034139_R061_T47PPQ_20210101T215221,SAMUT_SONGKHRAM,INVALID_WRONG_AOI,Derived from SAMUT_SONGKHRAM scene
data/analysis/rayong/shorelines/2026-04-12_mndwi_fixed.geojson,S2A_MSIL2A_20260412T034201_R061_T47PPQ_20260412T083214,SAMUT_SONGKHRAM,INVALID_WRONG_AOI,Derived from SAMUT_SONGKHRAM scene
data/analysis/rayong/shorelines/2024-04-20_ndwi_otsu.geojson,S2A_MSIL2A_20240420T033541_R061_T47PPQ_20240420T101520,SAMUT_SONGKHRAM,INVALID_WRONG_AOI,Derived from SAMUT_SONGKHRAM scene
data/analysis/rayong/shorelines/2018-02-06.geojson,S2B_47PPQ_20180206_0_L2A,SAMUT_SONGKHRAM,INVALID_WRONG_AOI,Derived from SAMUT_SONGKHRAM scene
data/analysis/rayong/shorelines/2026-04-05_ndwi_otsu.geojson,S2B_MSIL2A_20260405T033539_R061_T47PPQ_20260405T072236,SAMUT_SONGKHRAM,INVALID_WRONG_AOI,Derived from SAMUT_SONGKHRAM scene
data/analysis/rayong/shorelines/2019-03-23.geojson,S2B_MSIL2A_20190323T033719_R061_T47PPQ_20201007T094741,SAMUT_SONGKHRAM,INVALID_WRONG_AOI,Derived from SAMUT_SONGKHRAM scene
data/analysis/rayong/shorelines/2024-01-01_mndwi_otsu.geojson,S2A_MSIL2A_20240101T034141_R061_T47PPQ_20240101T071808,SAMUT_SONGKHRAM,INVALID_WRONG_AOI,Derived from SAMUT_SONGKHRAM scene
data/analysis/rayong/shorelines/2019-04-17.geojson,S2A_MSIL2A_20190417T033541_R061_T47PPQ_20201007T030428,SAMUT_SONGKHRAM,INVALID_WRONG_AOI,Derived from SAMUT_SONGKHRAM scene
data/analysis/rayong/shorelines/2023-01-16_mndwi_fixed.geojson,S2A_MSIL2A_20230116T034101_R061_T47PPQ_20230116T130750,SAMUT_SONGKHRAM,INVALID_WRONG_AOI,Derived from SAMUT_SONGKHRAM scene
data/analysis/rayong/shorelines/2020-01-27_ndwi_fixed.geojson,S2B_MSIL2A_20200127T034019_R061_T47PPQ_20201002T124351,SAMUT_SONGKHRAM,INVALID_WRONG_AOI,Derived from SAMUT_SONGKHRAM scene
data/analysis/rayong/shorelines/2023-04-21_ndwi_fixed.geojson,S2B_MSIL2A_20230421T033539_R061_T47PPQ_20230421T214437,SAMUT_SONGKHRAM,INVALID_WRONG_AOI,Derived from SAMUT_SONGKHRAM scene
data/analysis/rayong/shorelines/2022-04-21_mndwi_otsu.geojson,S2A_MSIL2A_20220421T033541_R061_T47PPQ_20220421T223928,SAMUT_SONGKHRAM,INVALID_WRONG_AOI,Derived from SAMUT_SONGKHRAM scene
data/analysis/rayong/shorelines/2017-01-27_ndwi_fixed.geojson,S2A_MSIL2A_20170127T034011_R061_T47PPQ_20210207T211817,SAMUT_SONGKHRAM,INVALID_WRONG_AOI,Derived from SAMUT_SONGKHRAM scene
data/analysis/rayong/shorelines/2026-01-12.geojson,S2A_MSIL2A_20260112T034201_R061_T47PPQ_20260112T073809,SAMUT_SONGKHRAM,INVALID_WRONG_AOI,Derived from SAMUT_SONGKHRAM scene
data/analysis/rayong/shorelines/2021-02-20.geojson,S2B_MSIL2A_20210220T033759_R061_T47PPQ_20210220T142342,SAMUT_SONGKHRAM,INVALID_WRONG_AOI,Derived from SAMUT_SONGKHRAM scene
data/analysis/rayong/shorelines/2019-04-17_ndwi_fixed.geojson,S2A_MSIL2A_20190417T033541_R061_T47PPQ_20201007T030428,SAMUT_SONGKHRAM,INVALID_WRONG_AOI,Derived from SAMUT_SONGKHRAM scene
data/analysis/rayong/shorelines/2025-03-26.geojson,S2C_MSIL2A_20250326T033601_R061_T47PPQ_20250326T085914,SAMUT_SONGKHRAM,INVALID_WRONG_AOI,Derived from SAMUT_SONGKHRAM scene
data/analysis/rayong/shorelines/2019-02-21_mndwi_fixed.geojson,S2B_MSIL2A_20190221T033749_R061_T47PPQ_20201007T191151,SAMUT_SONGKHRAM,INVALID_WRONG_AOI,Derived from SAMUT_SONGKHRAM scene
data/analysis/rayong/shorelines/2025-12-03_ndwi_fixed.geojson,S2A_MSIL2A_20251203T034201_R061_T47PPQ_20251203T073813,SAMUT_SONGKHRAM,INVALID_WRONG_AOI,Derived from SAMUT_SONGKHRAM scene
data/analysis/rayong/shorelines/2023-03-07_mndwi_fixed.geojson,S2A_MSIL2A_20230307T033611_R061_T47PPQ_20230307T092426,SAMUT_SONGKHRAM,INVALID_WRONG_AOI,Derived from SAMUT_SONGKHRAM scene
data/analysis/rayong/shorelines/2020-01-07_ndwi_fixed.geojson,S2B_MSIL2A_20200107T034129_R061_T47PPQ_20201029T120132,SAMUT_SONGKHRAM,INVALID_WRONG_AOI,Derived from SAMUT_SONGKHRAM scene
data/analysis/rayong/shorelines/2024-02-15_mndwi_fixed.geojson,S2B_MSIL2A_20240215T033839_R061_T47PPQ_20240215T081416,SAMUT_SONGKHRAM,INVALID_WRONG_AOI,Derived from SAMUT_SONGKHRAM scene
data/analysis/rayong/shorelines/2024-02-15_mndwi_otsu.geojson,S2B_MSIL2A_20240215T033839_R061_T47PPQ_20240215T081416,SAMUT_SONGKHRAM,INVALID_WRONG_AOI,Derived from SAMUT_SONGKHRAM scene
data/analysis/rayong/shorelines/2019-04-17_ndwi_otsu.geojson,S2A_MSIL2A_20190417T033541_R061_T47PPQ_20201007T030428,SAMUT_SONGKHRAM,INVALID_WRONG_AOI,Derived from SAMUT_SONGKHRAM scene
data/analysis/rayong/shorelines/2023-01-16_ndwi_otsu.geojson,S2A_MSIL2A_20230116T034101_R061_T47PPQ_20230116T130750,SAMUT_SONGKHRAM,INVALID_WRONG_AOI,Derived from SAMUT_SONGKHRAM scene
data/analysis/rayong/shorelines/2021-01-31_ndwi_fixed.geojson,S2B_MSIL2A_20210131T033959_R061_T47PPQ_20210202T120414,SAMUT_SONGKHRAM,INVALID_WRONG_AOI,Derived from SAMUT_SONGKHRAM scene
data/analysis/rayong/shorelines/2026-04-12_mndwi_otsu.geojson,S2A_MSIL2A_20260412T034201_R061_T47PPQ_20260412T083214,SAMUT_SONGKHRAM,INVALID_WRONG_AOI,Derived from SAMUT_SONGKHRAM scene
data/analysis/rayong/shorelines/2022-01-31_ndwi_otsu.geojson,S2A_MSIL2A_20220131T034001_R061_T47PPQ_20220216T134036,SAMUT_SONGKHRAM,INVALID_WRONG_AOI,Derived from SAMUT_SONGKHRAM scene
data/analysis/rayong/shorelines/2025-12-01.geojson,S2C_47PPQ_20251201_0_L2A,SAMUT_SONGKHRAM,INVALID_WRONG_AOI,Derived from SAMUT_SONGKHRAM scene
data/analysis/rayong/shorelines/2025-03-01_ndwi_fixed.geojson,S2B_MSIL2A_20250301T033559_R061_T47PPQ_20250301T061709,SAMUT_SONGKHRAM,INVALID_WRONG_AOI,Derived from SAMUT_SONGKHRAM scene
data/analysis/rayong/shorelines/2023-04-21.geojson,S2B_MSIL2A_20230421T033539_R061_T47PPQ_20230421T214437,SAMUT_SONGKHRAM,INVALID_WRONG_AOI,Derived from SAMUT_SONGKHRAM scene
data/analysis/rayong/shorelines/2018-03-08.geojson,S2B_MSIL2A_20180308T033559_R061_T47PPQ_20201013T080519,SAMUT_SONGKHRAM,INVALID_WRONG_AOI,Derived from SAMUT_SONGKHRAM scene
data/analysis/rayong/shorelines/2017-02-26.geojson,S2A_MSIL2A_20170226T033711_R061_T47PPQ_20210208T171545,SAMUT_SONGKHRAM,INVALID_WRONG_AOI,Derived from SAMUT_SONGKHRAM scene
data/analysis/rayong/shorelines/2018-03-08_mndwi_otsu.geojson,S2B_MSIL2A_20180308T033559_R061_T47PPQ_20201013T080519,SAMUT_SONGKHRAM,INVALID_WRONG_AOI,Derived from SAMUT_SONGKHRAM scene
data/analysis/rayong/shorelines/2025-12-01_mndwi_fixed.geojson,S2C_47PPQ_20251201_0_L2A,SAMUT_SONGKHRAM,INVALID_WRONG_AOI,Derived from SAMUT_SONGKHRAM scene
data/analysis/rayong/shorelines/2026-04-12.geojson,S2A_MSIL2A_20260412T034201_R061_T47PPQ_20260412T083214,SAMUT_SONGKHRAM,INVALID_WRONG_AOI,Derived from SAMUT_SONGKHRAM scene
data/analysis/rayong/shorelines/2023-01-16_mndwi_otsu.geojson,S2A_MSIL2A_20230116T034101_R061_T47PPQ_20230116T130750,SAMUT_SONGKHRAM,INVALID_WRONG_AOI,Derived from SAMUT_SONGKHRAM scene
data/analysis/rayong/shorelines/2019-03-23_mndwi_otsu.geojson,S2B_MSIL2A_20190323T033719_R061_T47PPQ_20201007T094741,SAMUT_SONGKHRAM,INVALID_WRONG_AOI,Derived from SAMUT_SONGKHRAM scene
data/analysis/rayong/shorelines/2018-03-03_mndwi_fixed.geojson,S2A_MSIL2A_20180303T033641_R061_T47PPQ_20201013T055010,SAMUT_SONGKHRAM,INVALID_WRONG_AOI,Derived from SAMUT_SONGKHRAM scene
data/analysis/rayong/shorelines/2021-01-01_mndwi_fixed.geojson,S2B_MSIL2A_20210101T034139_R061_T47PPQ_20210101T215221,SAMUT_SONGKHRAM,INVALID_WRONG_AOI,Derived from SAMUT_SONGKHRAM scene
data/analysis/rayong/shorelines/2022-01-06_ndwi_fixed.geojson,S2B_MSIL2A_20220106T034129_R061_T47PPQ_20220107T070715,SAMUT_SONGKHRAM,INVALID_WRONG_AOI,Derived from SAMUT_SONGKHRAM scene
data/analysis/rayong/shorelines/2024-04-20.geojson,S2A_MSIL2A_20240420T033541_R061_T47PPQ_20240420T101520,SAMUT_SONGKHRAM,INVALID_WRONG_AOI,Derived from SAMUT_SONGKHRAM scene
data/analysis/rayong/shorelines/2021-02-20_mndwi_otsu.geojson,S2B_MSIL2A_20210220T033759_R061_T47PPQ_20210220T142342,SAMUT_SONGKHRAM,INVALID_WRONG_AOI,Derived from SAMUT_SONGKHRAM scene
data/analysis/rayong/shorelines/2025-12-01_ndwi_otsu.geojson,S2C_47PPQ_20251201_0_L2A,SAMUT_SONGKHRAM,INVALID_WRONG_AOI,Derived from SAMUT_SONGKHRAM scene
data/analysis/rayong/shorelines/2025-12-03_mndwi_fixed.geojson,S2A_MSIL2A_20251203T034201_R061_T47PPQ_20251203T073813,SAMUT_SONGKHRAM,INVALID_WRONG_AOI,Derived from SAMUT_SONGKHRAM scene
data/analysis/rayong/shorelines/2025-04-20_ndwi_fixed.geojson,S2B_MSIL2A_20250420T033539_R061_T47PPQ_20250420T071841,SAMUT_SONGKHRAM,INVALID_WRONG_AOI,Derived from SAMUT_SONGKHRAM scene
data/analysis/rayong/shorelines/2024-04-20_mndwi_otsu.geojson,S2A_MSIL2A_20240420T033541_R061_T47PPQ_20240420T101520,SAMUT_SONGKHRAM,INVALID_WRONG_AOI,Derived from SAMUT_SONGKHRAM scene
data/analysis/rayong/shorelines/2021-12-27.geojson,S2B_47PPQ_20211227_0_L2A,SAMUT_SONGKHRAM,INVALID_WRONG_AOI,Derived from SAMUT_SONGKHRAM scene
data/analysis/rayong/shorelines/2017-02-26_mndwi_otsu.geojson,S2A_MSIL2A_20170226T033711_R061_T47PPQ_20210208T171545,SAMUT_SONGKHRAM,INVALID_WRONG_AOI,Derived from SAMUT_SONGKHRAM scene
data/analysis/rayong/shorelines/2021-12-27_mndwi_fixed.geojson,S2B_47PPQ_20211227_0_L2A,SAMUT_SONGKHRAM,INVALID_WRONG_AOI,Derived from SAMUT_SONGKHRAM scene
data/analysis/rayong/shorelines/2023-01-16.geojson,S2A_MSIL2A_20230116T034101_R061_T47PPQ_20230116T130750,SAMUT_SONGKHRAM,INVALID_WRONG_AOI,Derived from SAMUT_SONGKHRAM scene
data/analysis/rayong/shorelines/2020-01-07.geojson,S2B_MSIL2A_20200107T034129_R061_T47PPQ_20201029T120132,SAMUT_SONGKHRAM,INVALID_WRONG_AOI,Derived from SAMUT_SONGKHRAM scene
data/analysis/rayong/shorelines/2025-03-01.geojson,S2B_MSIL2A_20250301T033559_R061_T47PPQ_20250301T061709,SAMUT_SONGKHRAM,INVALID_WRONG_AOI,Derived from SAMUT_SONGKHRAM scene
data/analysis/rayong/shorelines/2018-03-03_ndwi_fixed.geojson,S2A_MSIL2A_20180303T033641_R061_T47PPQ_20201013T055010,SAMUT_SONGKHRAM,INVALID_WRONG_AOI,Derived from SAMUT_SONGKHRAM scene
data/analysis/rayong/shorelines/2025-04-20.geojson,S2B_MSIL2A_20250420T033539_R061_T47PPQ_20250420T071841,SAMUT_SONGKHRAM,INVALID_WRONG_AOI,Derived from SAMUT_SONGKHRAM scene
data/analysis/rayong/shorelines/2025-02-09_mndwi_fixed.geojson,S2B_47PQQ_20250209_0_L2A,RAYONG_CONFIRMED,VALID,Matches confirmed Rayong footprint
data/analysis/rayong/shorelines/2022-04-21_ndwi_otsu.geojson,S2A_MSIL2A_20220421T033541_R061_T47PPQ_20220421T223928,SAMUT_SONGKHRAM,INVALID_WRONG_AOI,Derived from SAMUT_SONGKHRAM scene
data/analysis/rayong/shorelines/2022-01-31_mndwi_otsu.geojson,S2A_MSIL2A_20220131T034001_R061_T47PPQ_20220216T134036,SAMUT_SONGKHRAM,INVALID_WRONG_AOI,Derived from SAMUT_SONGKHRAM scene
data/analysis/rayong/shorelines/2025-03-26_mndwi_otsu.geojson,S2C_MSIL2A_20250326T033601_R061_T47PPQ_20250326T085914,SAMUT_SONGKHRAM,INVALID_WRONG_AOI,Derived from SAMUT_SONGKHRAM scene
data/analysis/rayong/shorelines/2020-02-21_ndwi_fixed.geojson,S2A_MSIL2A_20200221T033751_R061_T47PPQ_20200927T123229,SAMUT_SONGKHRAM,INVALID_WRONG_AOI,Derived from SAMUT_SONGKHRAM scene
data/analysis/rayong/shorelines/2017-04-27_ndwi_fixed.geojson,S2A_MSIL2A_20170427T033541_R061_T47PPQ_20210209T105931,SAMUT_SONGKHRAM,INVALID_WRONG_AOI,Derived from SAMUT_SONGKHRAM scene
data/analysis/rayong/shorelines/2025-01-15_mndwi_otsu.geojson,S2A_MSIL2A_20250115T034111_R061_T47PPQ_20250115T065649,SAMUT_SONGKHRAM,INVALID_WRONG_AOI,Derived from SAMUT_SONGKHRAM scene
data/analysis/rayong/shorelines/2022-04-21.geojson,S2A_MSIL2A_20220421T033541_R061_T47PPQ_20220421T223928,SAMUT_SONGKHRAM,INVALID_WRONG_AOI,Derived from SAMUT_SONGKHRAM scene
data/analysis/rayong/shorelines/2019-02-21.geojson,S2B_MSIL2A_20190221T033749_R061_T47PPQ_20201007T191151,SAMUT_SONGKHRAM,INVALID_WRONG_AOI,Derived from SAMUT_SONGKHRAM scene
data/analysis/rayong/shorelines/2025-12-01_ndwi_fixed.geojson,S2C_47PPQ_20251201_0_L2A,SAMUT_SONGKHRAM,INVALID_WRONG_AOI,Derived from SAMUT_SONGKHRAM scene
data/analysis/rayong/shorelines/2021-01-31.geojson,S2B_MSIL2A_20210131T033959_R061_T47PPQ_20210202T120414,SAMUT_SONGKHRAM,INVALID_WRONG_AOI,Derived from SAMUT_SONGKHRAM scene
data/analysis/rayong/shorelines/2017-04-27.geojson,S2A_MSIL2A_20170427T033541_R061_T47PPQ_20210209T105931,SAMUT_SONGKHRAM,INVALID_WRONG_AOI,Derived from SAMUT_SONGKHRAM scene
data/analysis/rayong/shorelines/2020-02-21.geojson,S2A_MSIL2A_20200221T033751_R061_T47PPQ_20200927T123229,SAMUT_SONGKHRAM,INVALID_WRONG_AOI,Derived from SAMUT_SONGKHRAM scene
data/analysis/rayong/shorelines/2021-12-27_mndwi_otsu.geojson,S2B_47PPQ_20211227_0_L2A,SAMUT_SONGKHRAM,INVALID_WRONG_AOI,Derived from SAMUT_SONGKHRAM scene
data/analysis/rayong/shorelines/2022-01-06.geojson,S2B_MSIL2A_20220106T034129_R061_T47PPQ_20220107T070715,SAMUT_SONGKHRAM,INVALID_WRONG_AOI,Derived from SAMUT_SONGKHRAM scene
data/analysis/rayong/shorelines/2021-01-31_mndwi_fixed.geojson,S2B_MSIL2A_20210131T033959_R061_T47PPQ_20210202T120414,SAMUT_SONGKHRAM,INVALID_WRONG_AOI,Derived from SAMUT_SONGKHRAM scene
data/analysis/rayong/shorelines/2017-01-27_mndwi_fixed.geojson,S2A_MSIL2A_20170127T034011_R061_T47PPQ_20210207T211817,SAMUT_SONGKHRAM,INVALID_WRONG_AOI,Derived from SAMUT_SONGKHRAM scene
data/analysis/rayong/shorelines/2025-01-15_mndwi_fixed.geojson,S2A_MSIL2A_20250115T034111_R061_T47PPQ_20250115T065649,SAMUT_SONGKHRAM,INVALID_WRONG_AOI,Derived from SAMUT_SONGKHRAM scene
data/analysis/rayong/shorelines/2026-04-05_ndwi_fixed.geojson,S2B_MSIL2A_20260405T033539_R061_T47PPQ_20260405T072236,SAMUT_SONGKHRAM,INVALID_WRONG_AOI,Derived from SAMUT_SONGKHRAM scene
data/analysis/rayong/shorelines/2018-03-03_ndwi_otsu.geojson,S2A_MSIL2A_20180303T033641_R061_T47PPQ_20201013T055010,SAMUT_SONGKHRAM,INVALID_WRONG_AOI,Derived from SAMUT_SONGKHRAM scene
data/analysis/rayong/shorelines/2025-12-21_ndwi_fixed.geojson,S2C_47PPQ_20251221_0_L2A,SAMUT_SONGKHRAM,INVALID_WRONG_AOI,Derived from SAMUT_SONGKHRAM scene
data/analysis/rayong/shorelines/2024-02-15_ndwi_otsu.geojson,S2B_MSIL2A_20240215T033839_R061_T47PPQ_20240215T081416,SAMUT_SONGKHRAM,INVALID_WRONG_AOI,Derived from SAMUT_SONGKHRAM scene
data/analysis/rayong/shorelines/2025-03-01_mndwi_fixed.geojson,S2B_MSIL2A_20250301T033559_R061_T47PPQ_20250301T061709,SAMUT_SONGKHRAM,INVALID_WRONG_AOI,Derived from SAMUT_SONGKHRAM scene
data/analysis/rayong/shorelines/2018-02-06_ndwi_fixed.geojson,S2B_47PPQ_20180206_0_L2A,SAMUT_SONGKHRAM,INVALID_WRONG_AOI,Derived from SAMUT_SONGKHRAM scene
data/analysis/rayong/shorelines/2026-01-12_mndwi_otsu.geojson,S2A_MSIL2A_20260112T034201_R061_T47PPQ_20260112T073809,SAMUT_SONGKHRAM,INVALID_WRONG_AOI,Derived from SAMUT_SONGKHRAM scene
data/analysis/rayong/shorelines/2020-01-07_mndwi_fixed.geojson,S2B_MSIL2A_20200107T034129_R061_T47PPQ_20201029T120132,SAMUT_SONGKHRAM,INVALID_WRONG_AOI,Derived from SAMUT_SONGKHRAM scene
data/analysis/rayong/shorelines/2017-02-26_mndwi_fixed.geojson,S2A_MSIL2A_20170226T033711_R061_T47PPQ_20210208T171545,SAMUT_SONGKHRAM,INVALID_WRONG_AOI,Derived from SAMUT_SONGKHRAM scene
data/analysis/rayong/shorelines/2023-03-07_mndwi_otsu.geojson,S2A_MSIL2A_20230307T033611_R061_T47PPQ_20230307T092426,SAMUT_SONGKHRAM,INVALID_WRONG_AOI,Derived from SAMUT_SONGKHRAM scene
data/analysis/rayong/shorelines/2025-03-01_ndwi_otsu.geojson,S2B_MSIL2A_20250301T033559_R061_T47PPQ_20250301T061709,SAMUT_SONGKHRAM,INVALID_WRONG_AOI,Derived from SAMUT_SONGKHRAM scene
data/analysis/rayong/shorelines/2017-01-27.geojson,S2A_MSIL2A_20170127T034011_R061_T47PPQ_20210207T211817,SAMUT_SONGKHRAM,INVALID_WRONG_AOI,Derived from SAMUT_SONGKHRAM scene
data/analysis/rayong/shorelines/2025-02-09_ndwi_fixed.geojson,S2B_47PQQ_20250209_0_L2A,RAYONG_CONFIRMED,VALID,Matches confirmed Rayong footprint
data/analysis/rayong/shorelines/2020-02-21_ndwi_otsu.geojson,S2A_MSIL2A_20200221T033751_R061_T47PPQ_20200927T123229,SAMUT_SONGKHRAM,INVALID_WRONG_AOI,Derived from SAMUT_SONGKHRAM scene
data/analysis/rayong/shorelines/2024-01-01_ndwi_otsu.geojson,S2A_MSIL2A_20240101T034141_R061_T47PPQ_20240101T071808,SAMUT_SONGKHRAM,INVALID_WRONG_AOI,Derived from SAMUT_SONGKHRAM scene
data/analysis/rayong/shorelines/2025-12-21_ndwi_otsu.geojson,S2C_47PPQ_20251221_0_L2A,SAMUT_SONGKHRAM,INVALID_WRONG_AOI,Derived from SAMUT_SONGKHRAM scene
data/analysis/rayong/shorelines/2022-01-31.geojson,S2A_MSIL2A_20220131T034001_R061_T47PPQ_20220216T134036,SAMUT_SONGKHRAM,INVALID_WRONG_AOI,Derived from SAMUT_SONGKHRAM scene
data/analysis/rayong/shorelines/2023-03-07_ndwi_fixed.geojson,S2A_MSIL2A_20230307T033611_R061_T47PPQ_20230307T092426,SAMUT_SONGKHRAM,INVALID_WRONG_AOI,Derived from SAMUT_SONGKHRAM scene
data/analysis/rayong/shorelines/2026-01-12_ndwi_fixed.geojson,S2A_MSIL2A_20260112T034201_R061_T47PPQ_20260112T073809,SAMUT_SONGKHRAM,INVALID_WRONG_AOI,Derived from SAMUT_SONGKHRAM scene
data/analysis/rayong/shorelines/2025-12-21_mndwi_fixed.geojson,S2C_47PPQ_20251221_0_L2A,SAMUT_SONGKHRAM,INVALID_WRONG_AOI,Derived from SAMUT_SONGKHRAM scene
data/analysis/rayong/shorelines/2018-02-06_mndwi_otsu.geojson,S2B_47PPQ_20180206_0_L2A,SAMUT_SONGKHRAM,INVALID_WRONG_AOI,Derived from SAMUT_SONGKHRAM scene
data/analysis/rayong/shorelines/2020-01-27.geojson,S2B_MSIL2A_20200127T034019_R061_T47PPQ_20201002T124351,SAMUT_SONGKHRAM,INVALID_WRONG_AOI,Derived from SAMUT_SONGKHRAM scene
data/analysis/rayong/shorelines/2017-04-27_mndwi_fixed.geojson,S2A_MSIL2A_20170427T033541_R061_T47PPQ_20210209T105931,SAMUT_SONGKHRAM,INVALID_WRONG_AOI,Derived from SAMUT_SONGKHRAM scene
data/analysis/rayong/shorelines/2025-12-21.geojson,S2C_47PPQ_20251221_0_L2A,SAMUT_SONGKHRAM,INVALID_WRONG_AOI,Derived from SAMUT_SONGKHRAM scene
data/analysis/rayong/shorelines/2025-02-09_mndwi_otsu.geojson,S2B_47PQQ_20250209_0_L2A,RAYONG_CONFIRMED,VALID,Matches confirmed Rayong footprint
data/analysis/rayong/shorelines/2017-04-27_ndwi_otsu.geojson,S2A_MSIL2A_20170427T033541_R061_T47PPQ_20210209T105931,SAMUT_SONGKHRAM,INVALID_WRONG_AOI,Derived from SAMUT_SONGKHRAM scene
data/analysis/rayong/shorelines/2024-01-01.geojson,S2A_MSIL2A_20240101T034141_R061_T47PPQ_20240101T071808,SAMUT_SONGKHRAM,INVALID_WRONG_AOI,Derived from SAMUT_SONGKHRAM scene
data/analysis/rayong/shorelines/2025-01-15_ndwi_otsu.geojson,S2A_MSIL2A_20250115T034111_R061_T47PPQ_20250115T065649,SAMUT_SONGKHRAM,INVALID_WRONG_AOI,Derived from SAMUT_SONGKHRAM scene
data/analysis/rayong/shorelines/2018-02-06_ndwi_otsu.geojson,S2B_47PPQ_20180206_0_L2A,SAMUT_SONGKHRAM,INVALID_WRONG_AOI,Derived from SAMUT_SONGKHRAM scene
data/analysis/rayong/shorelines/2017-01-27_ndwi_otsu.geojson,S2A_MSIL2A_20170127T034011_R061_T47PPQ_20210207T211817,SAMUT_SONGKHRAM,INVALID_WRONG_AOI,Derived from SAMUT_SONGKHRAM scene
data/analysis/rayong/shorelines/2023-04-21_mndwi_fixed.geojson,S2B_MSIL2A_20230421T033539_R061_T47PPQ_20230421T214437,SAMUT_SONGKHRAM,INVALID_WRONG_AOI,Derived from SAMUT_SONGKHRAM scene
data/analysis/rayong/shorelines/2021-12-27_ndwi_fixed.geojson,S2B_47PPQ_20211227_0_L2A,SAMUT_SONGKHRAM,INVALID_WRONG_AOI,Derived from SAMUT_SONGKHRAM scene
data/analysis/rayong/shorelines/2022-01-06_mndwi_fixed.geojson,S2B_MSIL2A_20220106T034129_R061_T47PPQ_20220107T070715,SAMUT_SONGKHRAM,INVALID_WRONG_AOI,Derived from SAMUT_SONGKHRAM scene
data/analysis/rayong/shorelines/2020-01-07_ndwi_otsu.geojson,S2B_MSIL2A_20200107T034129_R061_T47PPQ_20201029T120132,SAMUT_SONGKHRAM,INVALID_WRONG_AOI,Derived from SAMUT_SONGKHRAM scene
data/analysis/rayong/shorelines/2025-12-01_mndwi_otsu.geojson,S2C_47PPQ_20251201_0_L2A,SAMUT_SONGKHRAM,INVALID_WRONG_AOI,Derived from SAMUT_SONGKHRAM scene
data/analysis/rayong/shorelines/2021-12-27_ndwi_otsu.geojson,S2B_47PPQ_20211227_0_L2A,SAMUT_SONGKHRAM,INVALID_WRONG_AOI,Derived from SAMUT_SONGKHRAM scene
data/analysis/rayong/shorelines/2025-01-15_ndwi_fixed.geojson,S2A_MSIL2A_20250115T034111_R061_T47PPQ_20250115T065649,SAMUT_SONGKHRAM,INVALID_WRONG_AOI,Derived from SAMUT_SONGKHRAM scene
data/analysis/rayong/shorelines/2017-04-27_mndwi_otsu.geojson,S2A_MSIL2A_20170427T033541_R061_T47PPQ_20210209T105931,SAMUT_SONGKHRAM,INVALID_WRONG_AOI,Derived from SAMUT_SONGKHRAM scene
data/analysis/rayong/shorelines/2019-02-21_ndwi_otsu.geojson,S2B_MSIL2A_20190221T033749_R061_T47PPQ_20201007T191151,SAMUT_SONGKHRAM,INVALID_WRONG_AOI,Derived from SAMUT_SONGKHRAM scene
data/analysis/rayong/shorelines/2024-04-20_mndwi_fixed.geojson,S2A_MSIL2A_20240420T033541_R061_T47PPQ_20240420T101520,SAMUT_SONGKHRAM,INVALID_WRONG_AOI,Derived from SAMUT_SONGKHRAM scene
data/analysis/rayong/shorelines/2025-03-26_ndwi_fixed.geojson,S2C_MSIL2A_20250326T033601_R061_T47PPQ_20250326T085914,SAMUT_SONGKHRAM,INVALID_WRONG_AOI,Derived from SAMUT_SONGKHRAM scene
data/analysis/rayong/shorelines/2020-02-21_mndwi_otsu.geojson,S2A_MSIL2A_20200221T033751_R061_T47PPQ_20200927T123229,SAMUT_SONGKHRAM,INVALID_WRONG_AOI,Derived from SAMUT_SONGKHRAM scene
data/analysis/rayong/shorelines/2022-01-31_ndwi_fixed.geojson,S2A_MSIL2A_20220131T034001_R061_T47PPQ_20220216T134036,SAMUT_SONGKHRAM,INVALID_WRONG_AOI,Derived from SAMUT_SONGKHRAM scene
data/analysis/rayong/shorelines/2019-03-23_ndwi_otsu.geojson,S2B_MSIL2A_20190323T033719_R061_T47PPQ_20201007T094741,SAMUT_SONGKHRAM,INVALID_WRONG_AOI,Derived from SAMUT_SONGKHRAM scene
data/analysis/rayong/shorelines/2026-04-12_ndwi_otsu.geojson,S2A_MSIL2A_20260412T034201_R061_T47PPQ_20260412T083214,SAMUT_SONGKHRAM,INVALID_WRONG_AOI,Derived from SAMUT_SONGKHRAM scene
data/analysis/rayong/shorelines/2025-12-21_mndwi_otsu.geojson,S2C_47PPQ_20251221_0_L2A,SAMUT_SONGKHRAM,INVALID_WRONG_AOI,Derived from SAMUT_SONGKHRAM scene
data/analysis/rayong/shorelines/2026-04-05_mndwi_otsu.geojson,S2B_MSIL2A_20260405T033539_R061_T47PPQ_20260405T072236,SAMUT_SONGKHRAM,INVALID_WRONG_AOI,Derived from SAMUT_SONGKHRAM scene
data/analysis/rayong/shorelines/2026-01-12_ndwi_otsu.geojson,S2A_MSIL2A_20260112T034201_R061_T47PPQ_20260112T073809,SAMUT_SONGKHRAM,INVALID_WRONG_AOI,Derived from SAMUT_SONGKHRAM scene
data/analysis/rayong/shorelines/2021-02-20_mndwi_fixed.geojson,S2B_MSIL2A_20210220T033759_R061_T47PPQ_20210220T142342,SAMUT_SONGKHRAM,INVALID_WRONG_AOI,Derived from SAMUT_SONGKHRAM scene
data/analysis/rayong/shorelines/2019-04-17_mndwi_fixed.geojson,S2A_MSIL2A_20190417T033541_R061_T47PPQ_20201007T030428,SAMUT_SONGKHRAM,INVALID_WRONG_AOI,Derived from SAMUT_SONGKHRAM scene
data/analysis/rayong/shorelines/2025-04-20_ndwi_otsu.geojson,S2B_MSIL2A_20250420T033539_R061_T47PPQ_20250420T071841,SAMUT_SONGKHRAM,INVALID_WRONG_AOI,Derived from SAMUT_SONGKHRAM scene
data/analysis/rayong/shorelines/2026-04-05.geojson,S2B_MSIL2A_20260405T033539_R061_T47PPQ_20260405T072236,SAMUT_SONGKHRAM,INVALID_WRONG_AOI,Derived from SAMUT_SONGKHRAM scene
data/analysis/rayong/shorelines/2025-02-09.geojson,S2B_47PQQ_20250209_0_L2A,RAYONG_CONFIRMED,VALID,Matches confirmed Rayong footprint
data/analysis/rayong/shorelines/2025-01-15.geojson,S2A_MSIL2A_20250115T034111_R061_T47PPQ_20250115T065649,SAMUT_SONGKHRAM,INVALID_WRONG_AOI,Derived from SAMUT_SONGKHRAM scene
data/analysis/rayong/shorelines/2024-02-15.geojson,S2B_MSIL2A_20240215T033839_R061_T47PPQ_20240215T081416,SAMUT_SONGKHRAM,INVALID_WRONG_AOI,Derived from SAMUT_SONGKHRAM scene
data/analysis/rayong/qa/shoreline_2026-01-12.png,S2A_MSIL2A_20260112T034201_R061_T47PPQ_20260112T073809,SAMUT_SONGKHRAM,INVALID_WRONG_AOI,Derived from SAMUT_SONGKHRAM scene
data/analysis/rayong/qa/shoreline_2024-02-15.png,S2B_MSIL2A_20240215T033839_R061_T47PPQ_20240215T081416,SAMUT_SONGKHRAM,INVALID_WRONG_AOI,Derived from SAMUT_SONGKHRAM scene
data/analysis/rayong/qa/shoreline_2020-01-07.png,S2B_MSIL2A_20200107T034129_R061_T47PPQ_20201029T120132,SAMUT_SONGKHRAM,INVALID_WRONG_AOI,Derived from SAMUT_SONGKHRAM scene
data/analysis/rayong/qa/shoreline_2021-02-20.png,S2B_MSIL2A_20210220T033759_R061_T47PPQ_20210220T142342,SAMUT_SONGKHRAM,INVALID_WRONG_AOI,Derived from SAMUT_SONGKHRAM scene
data/analysis/rayong/qa/shoreline_2021-12-27.png,S2B_47PPQ_20211227_0_L2A,SAMUT_SONGKHRAM,INVALID_WRONG_AOI,Derived from SAMUT_SONGKHRAM scene
data/analysis/rayong/qa/shoreline_2018-03-03.png,S2A_MSIL2A_20180303T033641_R061_T47PPQ_20201013T055010,SAMUT_SONGKHRAM,INVALID_WRONG_AOI,Derived from SAMUT_SONGKHRAM scene
data/analysis/rayong/qa/shoreline_2025-03-26.png,S2C_MSIL2A_20250326T033601_R061_T47PPQ_20250326T085914,SAMUT_SONGKHRAM,INVALID_WRONG_AOI,Derived from SAMUT_SONGKHRAM scene
data/analysis/rayong/qa/shoreline_2019-02-21.png,S2B_MSIL2A_20190221T033749_R061_T47PPQ_20201007T191151,SAMUT_SONGKHRAM,INVALID_WRONG_AOI,Derived from SAMUT_SONGKHRAM scene
data/analysis/rayong/qa/shoreline_2021-01-01.png,S2B_MSIL2A_20210101T034139_R061_T47PPQ_20210101T215221,SAMUT_SONGKHRAM,INVALID_WRONG_AOI,Derived from SAMUT_SONGKHRAM scene
data/analysis/rayong/qa/tide_station_comparison.png,UNKNOWN,UNKNOWN,UNKNOWN_SOURCE,Could not map to a scene
data/analysis/rayong/qa/shoreline_2025-12-03.png,S2A_MSIL2A_20251203T034201_R061_T47PPQ_20251203T073813,SAMUT_SONGKHRAM,INVALID_WRONG_AOI,Derived from SAMUT_SONGKHRAM scene
data/analysis/rayong/qa/shoreline_2020-02-21.png,S2A_MSIL2A_20200221T033751_R061_T47PPQ_20200927T123229,SAMUT_SONGKHRAM,INVALID_WRONG_AOI,Derived from SAMUT_SONGKHRAM scene
data/analysis/rayong/qa/shoreline_2017-01-27.png,S2A_MSIL2A_20170127T034011_R061_T47PPQ_20210207T211817,SAMUT_SONGKHRAM,INVALID_WRONG_AOI,Derived from SAMUT_SONGKHRAM scene
data/analysis/rayong/qa/shoreline_2025-12-01.png,S2C_47PPQ_20251201_0_L2A,SAMUT_SONGKHRAM,INVALID_WRONG_AOI,Derived from SAMUT_SONGKHRAM scene
data/analysis/rayong/qa/shoreline_2022-01-31.png,S2A_MSIL2A_20220131T034001_R061_T47PPQ_20220216T134036,SAMUT_SONGKHRAM,INVALID_WRONG_AOI,Derived from SAMUT_SONGKHRAM scene
data/analysis/rayong/qa/shoreline_2025-02-09.png,S2B_47PQQ_20250209_0_L2A,RAYONG_CONFIRMED,VALID,Matches confirmed Rayong footprint
data/analysis/rayong/qa/shoreline_2024-04-20.png,S2A_MSIL2A_20240420T033541_R061_T47PPQ_20240420T101520,SAMUT_SONGKHRAM,INVALID_WRONG_AOI,Derived from SAMUT_SONGKHRAM scene
data/analysis/rayong/qa/rayong_aoi_overview.png,UNKNOWN,UNKNOWN,UNKNOWN_SOURCE,Could not map to a scene
data/analysis/rayong/qa/shoreline_2017-04-27.png,S2A_MSIL2A_20170427T033541_R061_T47PPQ_20210209T105931,SAMUT_SONGKHRAM,INVALID_WRONG_AOI,Derived from SAMUT_SONGKHRAM scene
data/analysis/rayong/qa/shoreline_2018-02-06.png,S2B_47PPQ_20180206_0_L2A,SAMUT_SONGKHRAM,INVALID_WRONG_AOI,Derived from SAMUT_SONGKHRAM scene
data/analysis/rayong/qa/shoreline_2022-01-06.png,S2B_MSIL2A_20220106T034129_R061_T47PPQ_20220107T070715,SAMUT_SONGKHRAM,INVALID_WRONG_AOI,Derived from SAMUT_SONGKHRAM scene
data/analysis/rayong/qa/shoreline_2024-01-01.png,S2A_MSIL2A_20240101T034141_R061_T47PPQ_20240101T071808,SAMUT_SONGKHRAM,INVALID_WRONG_AOI,Derived from SAMUT_SONGKHRAM scene
data/analysis/rayong/qa/shoreline_2019-04-17.png,S2A_MSIL2A_20190417T033541_R061_T47PPQ_20201007T030428,SAMUT_SONGKHRAM,INVALID_WRONG_AOI,Derived from SAMUT_SONGKHRAM scene
data/analysis/rayong/qa/shoreline_2025-12-21.png,S2C_47PPQ_20251221_0_L2A,SAMUT_SONGKHRAM,INVALID_WRONG_AOI,Derived from SAMUT_SONGKHRAM scene
data/analysis/rayong/qa/shoreline_2021-01-31.png,S2B_MSIL2A_20210131T033959_R061_T47PPQ_20210202T120414,SAMUT_SONGKHRAM,INVALID_WRONG_AOI,Derived from SAMUT_SONGKHRAM scene
data/analysis/rayong/qa/shoreline_2022-04-21.png,S2A_MSIL2A_20220421T033541_R061_T47PPQ_20220421T223928,SAMUT_SONGKHRAM,INVALID_WRONG_AOI,Derived from SAMUT_SONGKHRAM scene
data/analysis/rayong/qa/shoreline_2019-03-23.png,S2B_MSIL2A_20190323T033719_R061_T47PPQ_20201007T094741,SAMUT_SONGKHRAM,INVALID_WRONG_AOI,Derived from SAMUT_SONGKHRAM scene
data/analysis/rayong/qa/shoreline_2017-02-26.png,S2A_MSIL2A_20170226T033711_R061_T47PPQ_20210208T171545,SAMUT_SONGKHRAM,INVALID_WRONG_AOI,Derived from SAMUT_SONGKHRAM scene
data/analysis/rayong/qa/shoreline_2025-04-20.png,S2B_MSIL2A_20250420T033539_R061_T47PPQ_20250420T071841,SAMUT_SONGKHRAM,INVALID_WRONG_AOI,Derived from SAMUT_SONGKHRAM scene
data/analysis/rayong/qa/shoreline_2025-03-01.png,S2B_MSIL2A_20250301T033559_R061_T47PPQ_20250301T061709,SAMUT_SONGKHRAM,INVALID_WRONG_AOI,Derived from SAMUT_SONGKHRAM scene
data/analysis/rayong/qa/shoreline_2023-01-16.png,S2A_MSIL2A_20230116T034101_R061_T47PPQ_20230116T130750,SAMUT_SONGKHRAM,INVALID_WRONG_AOI,Derived from SAMUT_SONGKHRAM scene
data/analysis/rayong/qa/shoreline_2023-03-07.png,S2A_MSIL2A_20230307T033611_R061_T47PPQ_20230307T092426,SAMUT_SONGKHRAM,INVALID_WRONG_AOI,Derived from SAMUT_SONGKHRAM scene
data/analysis/rayong/qa/shoreline_2025-01-15.png,S2A_MSIL2A_20250115T034111_R061_T47PPQ_20250115T065649,SAMUT_SONGKHRAM,INVALID_WRONG_AOI,Derived from SAMUT_SONGKHRAM scene
data/analysis/rayong/qa/shoreline_2026-04-05.png,S2B_MSIL2A_20260405T033539_R061_T47PPQ_20260405T072236,SAMUT_SONGKHRAM,INVALID_WRONG_AOI,Derived from SAMUT_SONGKHRAM scene
data/analysis/rayong/qa/shoreline_2020-01-27.png,S2B_MSIL2A_20200127T034019_R061_T47PPQ_20201002T124351,SAMUT_SONGKHRAM,INVALID_WRONG_AOI,Derived from SAMUT_SONGKHRAM scene
data/analysis/rayong/qa/shoreline_2018-03-08.png,S2B_MSIL2A_20180308T033559_R061_T47PPQ_20201013T080519,SAMUT_SONGKHRAM,INVALID_WRONG_AOI,Derived from SAMUT_SONGKHRAM scene
data/analysis/rayong/qa/shoreline_2023-04-21.png,S2B_MSIL2A_20230421T033539_R061_T47PPQ_20230421T214437,SAMUT_SONGKHRAM,INVALID_WRONG_AOI,Derived from SAMUT_SONGKHRAM scene
data/analysis/rayong/qa/shoreline_2026-04-12.png,S2A_MSIL2A_20260412T034201_R061_T47PPQ_20260412T083214,SAMUT_SONGKHRAM,INVALID_WRONG_AOI,Derived from SAMUT_SONGKHRAM scene
data/analysis/rayong/transects/rayong_baseline.geojson,UNKNOWN,UNKNOWN,UNKNOWN_SOURCE,Could not map to a scene
data/analysis/rayong/transects/rayong_transects.geojson,UNKNOWN,UNKNOWN,UNKNOWN_SOURCE,Could not map to a scene
data/analysis/rayong/change_metrics/shoreline_change_by_transect.csv,UNKNOWN,UNKNOWN,UNKNOWN_SOURCE,Could not map to a scene
