transect_id,year,target_year,actual_year,distance_m,position_m,sensor,resolution_m,tide_status,confidence
T001,1985,1985,1987,,,landsat-5,30,unverified,LOW
T001,1990,1990,1990,,,landsat-5,30,unverified,LOW
T001,2000,2000,2000,,,"landsat-5, landsat-7",30,unverified,LOW
T001,2010,2010,2009,3.33,3.33,landsat-5,30,unverified,LOW
T001,2017,2017,2017,,,Sentinel-2A,20,unverified,LOW
T001,2018,2018,2018,,,"Sentinel-2A, Sentinel-2B",20,unverified,LOW
T001,2019,2019,2019,,,"Sentinel-2A, Sentinel-2B",20,unverified,LOW
T001,2020,2020,2020,,,"Sentinel-2A, Sentinel-2B",20,unverified,LOW
T001,2021,2021,2021,,,"Sentinel-2A, Sentinel-2B",20,unverified,LOW
T001,2022,2022,2022,,,"Sentinel-2A, Sentinel-2B",20,unverified,LOW
T001,2023,2023,2023,,,"Sentinel-2A, Sentinel-2B",20,unverified,LOW
T001,2024,2024,2024,,,"Sentinel-2A, Sentinel-2B",20,unverified,LOW
T001,2025,2025,2025,,,"Sentinel-2A, Sentinel-2C",20,unverified,LOW
T001,2026,2026,2026,0.0,0.0,"Sentinel-2B, Sentinel-2C",20,unverified,LOW
T002,1985,1985,1987,,,landsat-5,30,unverified,LOW
T002,1990,1990,1990,,,landsat-5,30,unverified,LOW
T002,2000,2000,2000,,,"landsat-5, landsat-7",30,unverified,LOW
T002,2010,2010,2009,6.05,6.05,landsat-5,30,unverified,LOW
T002,2017,2017,2017,8.53,8.53,Sentinel-2A,20,unverified,LOW
T002,2018,2018,2018,10.94,10.94,"Sentinel-2A, Sentinel-2B",20,unverified,LOW
T002,2019,2019,2019,14.87,14.87,"Sentinel-2A, Sentinel-2B",20,unverified,LOW
T002,2020,2020,2020,10.94,10.94,"Sentinel-2A, Sentinel-2B",20,unverified,LOW
T002,2021,2021,2021,9.63,9.63,"Sentinel-2A, Sentinel-2B",20,unverified,LOW
T002,2022,2022,2022,7.01,7.01,"Sentinel-2A, Sentinel-2B",20,unverified,LOW
T002,2023,2023,2023,3.01,3.01,"Sentinel-2A, Sentinel-2B",20,unverified,LOW
T002,2024,2024,2024,1.14,1.14,"Sentinel-2A, Sentinel-2B",20,unverified,LOW
T002,2025,2025,2025,8.18,8.18,"Sentinel-2A, Sentinel-2C",20,unverified,LOW
T002,2026,2026,2026,0.0,0.0,"Sentinel-2B, Sentinel-2C",20,unverified,LOW
T003,1985,1985,1987,121.8,121.8,landsat-5,30,unverified,LOW
T003,1990,1990,1990,-30.0,-30.0,landsat-5,30,unverified,LOW
T003,2000,2000,2000,-5.15,-5.15,"landsat-5, landsat-7",30,unverified,LOW
T003,2010,2010,2009,8.37,8.37,landsat-5,30,unverified,LOW
T003,2017,2017,2017,9.39,9.39,Sentinel-2A,20,unverified,LOW
T003,2018,2018,2018,15.0,15.0,"Sentinel-2A, Sentinel-2B",20,unverified,LOW
T003,2019,2019,2019,18.92,18.92,"Sentinel-2A, Sentinel-2B",20,unverified,LOW
T003,2020,2020,2020,15.0,15.0,"Sentinel-2A, Sentinel-2B",20,unverified,LOW
T003,2021,2021,2021,11.95,11.95,"Sentinel-2A, Sentinel-2B",20,unverified,LOW
T003,2022,2022,2022,11.07,11.07,"Sentinel-2A, Sentinel-2B",20,unverified,LOW
T003,2023,2023,2023,-0.23,-0.23,"Sentinel-2A, Sentinel-2B",20,unverified,LOW
T003,2024,2024,2024,-0.34,-0.34,"Sentinel-2A, Sentinel-2B",20,unverified,LOW
T003,2025,2025,2025,14.35,14.35,"Sentinel-2A, Sentinel-2C",20,unverified,LOW
T003,2026,2026,2026,-0.41,-0.41,"Sentinel-2B, Sentinel-2C",20,unverified,LOW
T004,1985,1985,1987,123.77,123.77,landsat-5,30,unverified,LOW
T004,1990,1990,1990,-46.72,-46.72,landsat-5,30,unverified,LOW
T004,2000,2000,2000,-22.52,-22.52,"landsat-5, landsat-7",30,unverified,LOW
T004,2010,2010,2009,3.13,3.13,landsat-5,30,unverified,LOW
T004,2017,2017,2017,4.93,4.93,Sentinel-2A,20,unverified,LOW
T004,2018,2018,2018,19.87,19.87,"Sentinel-2A, Sentinel-2B",20,unverified,LOW
T004,2019,2019,2019,27.34,27.34,"Sentinel-2A, Sentinel-2B",20,unverified,LOW
T004,2020,2020,2020,17.66,17.66,"Sentinel-2A, Sentinel-2B",20,unverified,LOW
T004,2021,2021,2021,12.4,12.4,"Sentinel-2A, Sentinel-2B",20,unverified,LOW
T004,2022,2022,2022,12.4,12.4,"Sentinel-2A, Sentinel-2B",20,unverified,LOW
T004,2023,2023,2023,7.41,7.41,"Sentinel-2A, Sentinel-2B",20,unverified,LOW
T004,2024,2024,2024,8.67,8.67,"Sentinel-2A, Sentinel-2B",20,unverified,LOW
T004,2025,2025,2025,17.66,17.66,"Sentinel-2A, Sentinel-2C",20,unverified,LOW
T004,2026,2026,2026,5.13,5.13,"Sentinel-2B, Sentinel-2C",20,unverified,LOW
T005,1985,1985,1987,126.06,126.06,landsat-5,30,unverified,LOW
T005,1990,1990,1990,-55.51,-55.51,landsat-5,30,unverified,LOW
T005,2000,2000,2000,-39.85,-39.85,"landsat-5, landsat-7",30,unverified,LOW
T005,2010,2010,2009,7.75,7.75,landsat-5,30,unverified,LOW
T005,2017,2017,2017,15.47,15.47,Sentinel-2A,20,unverified,LOW
T005,2018,2018,2018,30.4,30.4,"Sentinel-2A, Sentinel-2B",20,unverified,LOW
T005,2019,2019,2019,37.87,37.87,"Sentinel-2A, Sentinel-2B",20,unverified,LOW
T005,2020,2020,2020,25.0,25.0,"Sentinel-2A, Sentinel-2B",20,unverified,LOW
T005,2021,2021,2021,22.94,22.94,"Sentinel-2A, Sentinel-2B",20,unverified,LOW
T005,2022,2022,2022,22.94,22.94,"Sentinel-2A, Sentinel-2B",20,unverified,LOW
T005,2023,2023,2023,16.59,16.59,"Sentinel-2A, Sentinel-2B",20,unverified,LOW
T005,2024,2024,2024,19.2,19.2,"Sentinel-2A, Sentinel-2B",20,unverified,LOW
T005,2025,2025,2025,25.0,25.0,"Sentinel-2A, Sentinel-2C",20,unverified,LOW
T005,2026,2026,2026,11.89,11.89,"Sentinel-2B, Sentinel-2C",20,unverified,LOW
T006,1985,1985,1987,128.35,128.35,landsat-5,30,unverified,LOW
T006,1990,1990,1990,-43.13,-43.13,landsat-5,30,unverified,LOW
T006,2000,2000,2000,-41.99,-41.99,"landsat-5, landsat-7",30,unverified,LOW
T006,2010,2010,2009,12.38,12.38,landsat-5,30,unverified,LOW
T006,2017,2017,2017,22.49,22.49,Sentinel-2A,20,unverified,LOW
T006,2018,2018,2018,27.81,27.81,"Sentinel-2A, Sentinel-2B",20,unverified,LOW
T006,2019,2019,2019,35.84,35.84,"Sentinel-2A, Sentinel-2B",20,unverified,LOW
T006,2020,2020,2020,25.79,25.79,"Sentinel-2A, Sentinel-2B",20,unverified,LOW
T006,2021,2021,2021,25.79,25.79,"Sentinel-2A, Sentinel-2B",20,unverified,LOW
T006,2022,2022,2022,25.79,25.79,"Sentinel-2A, Sentinel-2B",20,unverified,LOW
T006,2023,2023,2023,23.79,23.79,"Sentinel-2A, Sentinel-2B",20,unverified,LOW
T006,2024,2024,2024,15.15,15.15,"Sentinel-2A, Sentinel-2B",20,unverified,LOW
T006,2025,2025,2025,25.79,25.79,"Sentinel-2A, Sentinel-2C",20,unverified,LOW
T006,2026,2026,2026,18.64,18.64,"Sentinel-2B, Sentinel-2C",20,unverified,LOW
T007,1985,1985,1987,132.28,132.28,landsat-5,30,unverified,LOW
T007,1990,1990,1990,-30.75,-30.75,landsat-5,30,unverified,LOW
T007,2000,2000,2000,-32.8,-32.8,"landsat-5, landsat-7",30,unverified,LOW
T007,2010,2010,2009,17.0,17.0,landsat-5,30,unverified,LOW
T007,2017,2017,2017,11.4,11.4,Sentinel-2A,20,unverified,LOW
T007,2018,2018,2018,17.0,17.0,"Sentinel-2A, Sentinel-2B",20,unverified,LOW
T007,2019,2019,2019,29.38,29.38,"Sentinel-2A, Sentinel-2B",20,unverified,LOW
T007,2020,2020,2020,17.0,17.0,"Sentinel-2A, Sentinel-2B",20,unverified,LOW
T007,2021,2021,2021,17.0,17.0,"Sentinel-2A, Sentinel-2B",20,unverified,LOW
T007,2022,2022,2022,16.37,16.37,"Sentinel-2A, Sentinel-2B",20,unverified,LOW
T007,2023,2023,2023,20.73,20.73,"Sentinel-2A, Sentinel-2B",20,unverified,LOW
T007,2024,2024,2024,7.31,7.31,"Sentinel-2A, Sentinel-2B",20,unverified,LOW
T007,2025,2025,2025,16.37,16.37,"Sentinel-2A, Sentinel-2C",20,unverified,LOW
T007,2026,2026,2026,5.8,5.8,"Sentinel-2B, Sentinel-2C",20,unverified,LOW
T008,1985,1985,1987,130.86,130.86,landsat-5,30,unverified,LOW
T008,1990,1990,1990,-46.98,-46.98,landsat-5,30,unverified,LOW
T008,2000,2000,2000,-39.51,-39.51,"landsat-5, landsat-7",30,unverified,LOW
T008,2010,2010,2009,6.45,6.45,landsat-5,30,unverified,LOW
T008,2017,2017,2017,3.48,3.48,Sentinel-2A,20,unverified,LOW
T008,2018,2018,2018,6.45,6.45,"Sentinel-2A, Sentinel-2B",20,unverified,LOW
T008,2019,2019,2019,8.28,8.28,"Sentinel-2A, Sentinel-2B",20,unverified,LOW
T008,2020,2020,2020,6.45,6.45,"Sentinel-2A, Sentinel-2B",20,unverified,LOW
T008,2021,2021,2021,6.45,6.45,"Sentinel-2A, Sentinel-2B",20,unverified,LOW
T008,2022,2022,2022,1.46,1.46,"Sentinel-2A, Sentinel-2B",20,unverified,LOW
T008,2023,2023,2023,2.62,2.62,"Sentinel-2A, Sentinel-2B",20,unverified,LOW
T008,2024,2024,2024,-0.16,-0.16,"Sentinel-2A, Sentinel-2B",20,unverified,LOW
T008,2025,2025,2025,1.46,1.46,"Sentinel-2A, Sentinel-2C",20,unverified,LOW
T008,2026,2026,2026,-4.74,-4.74,"Sentinel-2B, Sentinel-2C",20,unverified,LOW
T009,1985,1985,1987,117.94,117.94,landsat-5,30,unverified,LOW
T009,1990,1990,1990,-74.5,-74.5,landsat-5,30,unverified,LOW
T009,2000,2000,2000,-57.67,-57.67,"landsat-5, landsat-7",30,unverified,LOW
T009,2010,2010,2009,16.73,16.73,landsat-5,30,unverified,LOW
T009,2017,2017,2017,-5.51,-5.51,Sentinel-2A,20,unverified,LOW
T009,2018,2018,2018,9.04,9.04,"Sentinel-2A, Sentinel-2B",20,unverified,LOW
T009,2019,2019,2019,-4.1,-4.1,"Sentinel-2A, Sentinel-2B",20,unverified,LOW
T009,2020,2020,2020,-0.76,-0.76,"Sentinel-2A, Sentinel-2B",20,unverified,LOW
T009,2021,2021,2021,-4.1,-4.1,"Sentinel-2A, Sentinel-2B",20,unverified,LOW
T009,2022,2022,2022,-0.86,-0.86,"Sentinel-2A, Sentinel-2B",20,unverified,LOW
T009,2023,2023,2023,-0.86,-0.86,"Sentinel-2A, Sentinel-2B",20,unverified,LOW
T009,2024,2024,2024,-5.51,-5.51,"Sentinel-2A, Sentinel-2B",20,unverified,LOW
T009,2025,2025,2025,-4.64,-4.64,"Sentinel-2A, Sentinel-2C",20,unverified,LOW
T009,2026,2026,2026,-5.51,-5.51,"Sentinel-2B, Sentinel-2C",20,unverified,LOW
T010,1985,1985,1987,105.01,105.01,landsat-5,30,unverified,LOW
T010,1990,1990,1990,-72.68,-72.68,landsat-5,30,unverified,LOW
T010,2000,2000,2000,-64.08,-64.08,"landsat-5, landsat-7",30,unverified,LOW
T010,2010,2010,2009,56.7,56.7,landsat-5,30,unverified,LOW
T010,2017,2017,2017,114.24,114.24,Sentinel-2A,20,unverified,LOW
T010,2018,2018,2018,5.52,5.52,"Sentinel-2A, Sentinel-2B",20,unverified,LOW
T010,2019,2019,2019,5.79,5.79,"Sentinel-2A, Sentinel-2B",20,unverified,LOW
T010,2020,2020,2020,-5.16,-5.16,"Sentinel-2A, Sentinel-2B",20,unverified,LOW
T010,2021,2021,2021,45.01,45.01,"Sentinel-2A, Sentinel-2B",20,unverified,LOW
T010,2022,2022,2022,-1.65,-1.65,"Sentinel-2A, Sentinel-2B",20,unverified,LOW
T010,2023,2023,2023,-1.65,-1.65,"Sentinel-2A, Sentinel-2B",20,unverified,LOW
T010,2024,2024,2024,41.97,41.97,"Sentinel-2A, Sentinel-2B",20,unverified,LOW
T010,2025,2025,2025,-0.52,-0.52,"Sentinel-2A, Sentinel-2C",20,unverified,LOW
T010,2026,2026,2026,41.97,41.97,"Sentinel-2B, Sentinel-2C",20,unverified,LOW
T011,1985,1985,1987,233.17,233.17,landsat-5,30,unverified,LOW
T011,1990,1990,1990,-68.56,-68.56,landsat-5,30,unverified,LOW
T011,2000,2000,2000,-59.43,-59.43,"landsat-5, landsat-7",30,unverified,LOW
T011,2010,2010,2009,30.59,30.59,landsat-5,30,unverified,LOW
T011,2017,2017,2017,213.1,213.1,Sentinel-2A,20,unverified,LOW
T011,2018,2018,2018,-2.81,-2.81,"Sentinel-2A, Sentinel-2B",20,unverified,LOW
T011,2019,2019,2019,-2.64,-2.64,"Sentinel-2A, Sentinel-2B",20,unverified,LOW
T011,2020,2020,2020,-9.55,-9.55,"Sentinel-2A, Sentinel-2B",20,unverified,LOW
T011,2021,2021,2021,22.12,22.12,"Sentinel-2A, Sentinel-2B",20,unverified,LOW
T011,2022,2022,2022,-7.34,-7.34,"Sentinel-2A, Sentinel-2B",20,unverified,LOW
T011,2023,2023,2023,-7.34,-7.34,"Sentinel-2A, Sentinel-2B",20,unverified,LOW
T011,2024,2024,2024,10.83,10.83,"Sentinel-2A, Sentinel-2B",20,unverified,LOW
T011,2025,2025,2025,-16.36,-16.36,"Sentinel-2A, Sentinel-2C",20,unverified,LOW
T011,2026,2026,2026,10.83,10.83,"Sentinel-2B, Sentinel-2C",20,unverified,LOW
T012,1985,1985,1987,272.43,272.43,landsat-5,30,unverified,LOW
T012,1990,1990,1990,-64.44,-64.44,landsat-5,30,unverified,LOW
T012,2000,2000,2000,-16.18,-16.18,"landsat-5, landsat-7",30,unverified,LOW
T012,2010,2010,2009,4.49,4.49,landsat-5,30,unverified,LOW
T012,2017,2017,2017,295.6,295.6,Sentinel-2A,20,unverified,LOW
T012,2018,2018,2018,-11.14,-11.14,"Sentinel-2A, Sentinel-2B",20,unverified,LOW
T012,2019,2019,2019,-11.07,-11.07,"Sentinel-2A, Sentinel-2B",20,unverified,LOW
T012,2020,2020,2020,-13.95,-13.95,"Sentinel-2A, Sentinel-2B",20,unverified,LOW
T012,2021,2021,2021,-0.77,-0.77,"Sentinel-2A, Sentinel-2B",20,unverified,LOW
T012,2022,2022,2022,-13.03,-13.03,"Sentinel-2A, Sentinel-2B",20,unverified,LOW
T012,2023,2023,2023,-13.03,-13.03,"Sentinel-2A, Sentinel-2B",20,unverified,LOW
T012,2024,2024,2024,-20.3,-20.3,"Sentinel-2A, Sentinel-2B",20,unverified,LOW
T012,2025,2025,2025,-32.21,-32.21,"Sentinel-2A, Sentinel-2C",20,unverified,LOW
T012,2026,2026,2026,-20.3,-20.3,"Sentinel-2B, Sentinel-2C",20,unverified,LOW
T013,1985,1985,1987,287.24,287.24,landsat-5,30,unverified,LOW
T013,1990,1990,1990,-100.4,-100.4,landsat-5,30,unverified,LOW
T013,2000,2000,2000,14.96,14.96,"landsat-5, landsat-7",30,unverified,LOW
T013,2010,2010,2009,14.96,14.96,landsat-5,30,unverified,LOW
T013,2017,2017,2017,278.01,278.01,Sentinel-2A,20,unverified,LOW
T013,2018,2018,2018,4.25,4.25,"Sentinel-2A, Sentinel-2B",20,unverified,LOW
T013,2019,2019,2019,4.25,4.25,"Sentinel-2A, Sentinel-2B",20,unverified,LOW
T013,2020,2020,2020,4.25,4.25,"Sentinel-2A, Sentinel-2B",20,unverified,LOW
T013,2021,2021,2021,4.25,4.25,"Sentinel-2A, Sentinel-2B",20,unverified,LOW
T013,2022,2022,2022,4.25,4.25,"Sentinel-2A, Sentinel-2B",20,unverified,LOW
T013,2023,2023,2023,4.25,4.25,"Sentinel-2A, Sentinel-2B",20,unverified,LOW
T013,2024,2024,2024,4.25,4.25,"Sentinel-2A, Sentinel-2B",20,unverified,LOW
T013,2025,2025,2025,4.25,4.25,"Sentinel-2A, Sentinel-2C",20,unverified,LOW
T013,2026,2026,2026,4.25,4.25,"Sentinel-2B, Sentinel-2C",20,unverified,LOW
T014,1985,1985,1987,247.61,247.61,landsat-5,30,unverified,LOW
T014,1990,1990,1990,-137.49,-137.49,landsat-5,30,unverified,LOW
T014,2000,2000,2000,58.04,58.04,"landsat-5, landsat-7",30,unverified,LOW
T014,2010,2010,2009,9.38,9.38,landsat-5,30,unverified,LOW
T014,2017,2017,2017,252.48,252.48,Sentinel-2A,20,unverified,LOW
T014,2018,2018,2018,11.82,11.82,"Sentinel-2A, Sentinel-2B",20,unverified,LOW
T014,2019,2019,2019,8.91,8.91,"Sentinel-2A, Sentinel-2B",20,unverified,LOW
T014,2020,2020,2020,8.91,8.91,"Sentinel-2A, Sentinel-2B",20,unverified,LOW
T014,2021,2021,2021,11.82,11.82,"Sentinel-2A, Sentinel-2B",20,unverified,LOW
T014,2022,2022,2022,11.82,11.82,"Sentinel-2A, Sentinel-2B",20,unverified,LOW
T014,2023,2023,2023,11.82,11.82,"Sentinel-2A, Sentinel-2B",20,unverified,LOW
T014,2024,2024,2024,8.91,8.91,"Sentinel-2A, Sentinel-2B",20,unverified,LOW
T014,2025,2025,2025,8.91,8.91,"Sentinel-2A, Sentinel-2C",20,unverified,LOW
T014,2026,2026,2026,8.91,8.91,"Sentinel-2B, Sentinel-2C",20,unverified,LOW
T015,1985,1985,1987,241.77,241.77,landsat-5,30,unverified,LOW
T015,1990,1990,1990,-160.16,-160.16,landsat-5,30,unverified,LOW
T015,2000,2000,2000,58.14,58.14,"landsat-5, landsat-7",30,unverified,LOW
T015,2010,2010,2009,-3.31,-3.31,landsat-5,30,unverified,LOW
T015,2017,2017,2017,208.71,208.71,Sentinel-2A,20,unverified,LOW
T015,2018,2018,2018,1.28,1.28,"Sentinel-2A, Sentinel-2B",20,unverified,LOW
T015,2019,2019,2019,1.28,1.28,"Sentinel-2A, Sentinel-2B",20,unverified,LOW
T015,2020,2020,2020,1.28,1.28,"Sentinel-2A, Sentinel-2B",20,unverified,LOW
T015,2021,2021,2021,1.28,1.28,"Sentinel-2A, Sentinel-2B",20,unverified,LOW
T015,2022,2022,2022,1.28,1.28,"Sentinel-2A, Sentinel-2B",20,unverified,LOW
T015,2023,2023,2023,1.28,1.28,"Sentinel-2A, Sentinel-2B",20,unverified,LOW
T015,2024,2024,2024,1.28,1.28,"Sentinel-2A, Sentinel-2B",20,unverified,LOW
T015,2025,2025,2025,1.28,1.28,"Sentinel-2A, Sentinel-2C",20,unverified,LOW
T015,2026,2026,2026,1.28,1.28,"Sentinel-2B, Sentinel-2C",20,unverified,LOW
T016,1985,1985,1987,240.22,240.22,landsat-5,30,unverified,LOW
T016,1990,1990,1990,-214.09,-214.09,landsat-5,30,unverified,LOW
T016,2000,2000,2000,-113.51,-113.51,"landsat-5, landsat-7",30,unverified,LOW
T016,2010,2010,2009,-3.97,-3.97,landsat-5,30,unverified,LOW
T016,2017,2017,2017,186.56,186.56,Sentinel-2A,20,unverified,LOW
T016,2018,2018,2018,6.45,6.45,"Sentinel-2A, Sentinel-2B",20,unverified,LOW
T016,2019,2019,2019,-2.81,-2.81,"Sentinel-2A, Sentinel-2B",20,unverified,LOW
T016,2020,2020,2020,-3.59,-3.59,"Sentinel-2A, Sentinel-2B",20,unverified,LOW
T016,2021,2021,2021,3.43,3.43,"Sentinel-2A, Sentinel-2B",20,unverified,LOW
T016,2022,2022,2022,-2.81,-2.81,"Sentinel-2A, Sentinel-2B",20,unverified,LOW
T016,2023,2023,2023,3.43,3.43,"Sentinel-2A, Sentinel-2B",20,unverified,LOW
T016,2024,2024,2024,-3.59,-3.59,"Sentinel-2A, Sentinel-2B",20,unverified,LOW
T016,2025,2025,2025,-3.59,-3.59,"Sentinel-2A, Sentinel-2C",20,unverified,LOW
T016,2026,2026,2026,-2.81,-2.81,"Sentinel-2B, Sentinel-2C",20,unverified,LOW
T017,1985,1985,1987,210.59,210.59,landsat-5,30,unverified,LOW
T017,1990,1990,1990,-219.83,-219.83,landsat-5,30,unverified,LOW
T017,2000,2000,2000,-156.18,-156.18,"landsat-5, landsat-7",30,unverified,LOW
T017,2010,2010,2009,-73.36,-73.36,landsat-5,30,unverified,LOW
T017,2017,2017,2017,58.02,58.02,Sentinel-2A,20,unverified,LOW
T017,2018,2018,2018,35.66,35.66,"Sentinel-2A, Sentinel-2B",20,unverified,LOW
T017,2019,2019,2019,35.66,35.66,"Sentinel-2A, Sentinel-2B",20,unverified,LOW
T017,2020,2020,2020,35.66,35.66,"Sentinel-2A, Sentinel-2B",20,unverified,LOW
T017,2021,2021,2021,-71.23,-71.23,"Sentinel-2A, Sentinel-2B",20,unverified,LOW
T017,2022,2022,2022,35.66,35.66,"Sentinel-2A, Sentinel-2B",20,unverified,LOW
T017,2023,2023,2023,35.66,35.66,"Sentinel-2A, Sentinel-2B",20,unverified,LOW
T017,2024,2024,2024,35.66,35.66,"Sentinel-2A, Sentinel-2B",20,unverified,LOW
T017,2025,2025,2025,35.66,35.66,"Sentinel-2A, Sentinel-2C",20,unverified,LOW
T017,2026,2026,2026,35.66,35.66,"Sentinel-2B, Sentinel-2C",20,unverified,LOW
T018,1985,1985,1987,292.36,292.36,landsat-5,30,unverified,LOW
T018,1990,1990,1990,-238.08,-238.08,landsat-5,30,unverified,LOW
T018,2000,2000,2000,-166.23,-166.23,"landsat-5, landsat-7",30,unverified,LOW
T018,2010,2010,2009,-81.56,-81.56,landsat-5,30,unverified,LOW
T018,2017,2017,2017,90.84,90.84,Sentinel-2A,20,unverified,LOW
T018,2018,2018,2018,30.37,30.37,"Sentinel-2A, Sentinel-2B",20,unverified,LOW
T018,2019,2019,2019,30.37,30.37,"Sentinel-2A, Sentinel-2B",20,unverified,LOW
T018,2020,2020,2020,-5.24,-5.24,"Sentinel-2A, Sentinel-2B",20,unverified,LOW
T018,2021,2021,2021,-75.9,-75.9,"Sentinel-2A, Sentinel-2B",20,unverified,LOW
T018,2022,2022,2022,12.7,12.7,"Sentinel-2A, Sentinel-2B",20,unverified,LOW
T018,2023,2023,2023,6.46,6.46,"Sentinel-2A, Sentinel-2B",20,unverified,LOW
T018,2024,2024,2024,0.0,0.0,"Sentinel-2A, Sentinel-2B",20,unverified,LOW
T018,2025,2025,2025,6.46,6.46,"Sentinel-2A, Sentinel-2C",20,unverified,LOW
T018,2026,2026,2026,0.0,0.0,"Sentinel-2B, Sentinel-2C",20,unverified,LOW
T019,1985,1985,1987,312.83,312.83,landsat-5,30,unverified,LOW
T019,1990,1990,1990,-93.38,-93.38,landsat-5,30,unverified,LOW
T019,2000,2000,2000,-80.52,-80.52,"landsat-5, landsat-7",30,unverified,LOW
T019,2010,2010,2009,-41.6,-41.6,landsat-5,30,unverified,LOW
T019,2017,2017,2017,108.73,108.73,Sentinel-2A,20,unverified,LOW
T019,2018,2018,2018,43.42,43.42,"Sentinel-2A, Sentinel-2B",20,unverified,LOW
T019,2019,2019,2019,43.42,43.42,"Sentinel-2A, Sentinel-2B",20,unverified,LOW
T019,2020,2020,2020,-10.91,-10.91,"Sentinel-2A, Sentinel-2B",20,unverified,LOW
T019,2021,2021,2021,-43.53,-43.53,"Sentinel-2A, Sentinel-2B",20,unverified,LOW
T019,2022,2022,2022,25.09,25.09,"Sentinel-2A, Sentinel-2B",20,unverified,LOW
T019,2023,2023,2023,13.0,13.0,"Sentinel-2A, Sentinel-2B",20,unverified,LOW
T019,2024,2024,2024,0.0,0.0,"Sentinel-2A, Sentinel-2B",20,unverified,LOW
T019,2025,2025,2025,13.0,13.0,"Sentinel-2A, Sentinel-2C",20,unverified,LOW
T019,2026,2026,2026,0.0,0.0,"Sentinel-2B, Sentinel-2C",20,unverified,LOW
T020,1985,1985,1987,289.36,289.36,landsat-5,30,unverified,LOW
T020,1990,1990,1990,-56.33,-56.33,landsat-5,30,unverified,LOW
T020,2000,2000,2000,-51.22,-51.22,"landsat-5, landsat-7",30,unverified,LOW
T020,2010,2010,2009,-45.59,-45.59,landsat-5,30,unverified,LOW
T020,2017,2017,2017,98.28,98.28,Sentinel-2A,20,unverified,LOW
T020,2018,2018,2018,-17.24,-17.24,"Sentinel-2A, Sentinel-2B",20,unverified,LOW
T020,2019,2019,2019,-17.24,-17.24,"Sentinel-2A, Sentinel-2B",20,unverified,LOW
T020,2020,2020,2020,-49.2,-49.2,"Sentinel-2A, Sentinel-2B",20,unverified,LOW
T020,2021,2021,2021,-41.9,-41.9,"Sentinel-2A, Sentinel-2B",20,unverified,LOW
T020,2022,2022,2022,-40.29,-40.29,"Sentinel-2A, Sentinel-2B",20,unverified,LOW
T020,2023,2023,2023,-57.41,-57.41,"Sentinel-2A, Sentinel-2B",20,unverified,LOW
T020,2024,2024,2024,-62.23,-62.23,"Sentinel-2A, Sentinel-2B",20,unverified,LOW
T020,2025,2025,2025,-56.78,-56.78,"Sentinel-2A, Sentinel-2C",20,unverified,LOW
T020,2026,2026,2026,-62.23,-62.23,"Sentinel-2B, Sentinel-2C",20,unverified,LOW
T021,1985,1985,1987,278.84,278.84,landsat-5,30,unverified,LOW
T021,1990,1990,1990,-38.53,-38.53,landsat-5,30,unverified,LOW
T021,2000,2000,2000,-28.52,-28.52,"landsat-5, landsat-7",30,unverified,LOW
T021,2010,2010,2009,-11.75,-11.75,landsat-5,30,unverified,LOW
T021,2017,2017,2017,60.09,60.09,Sentinel-2A,20,unverified,LOW
T021,2018,2018,2018,-7.73,-7.73,"Sentinel-2A, Sentinel-2B",20,unverified,LOW
T021,2019,2019,2019,-7.73,-7.73,"Sentinel-2A, Sentinel-2B",20,unverified,LOW
T021,2020,2020,2020,-20.77,-20.77,"Sentinel-2A, Sentinel-2B",20,unverified,LOW
T021,2021,2021,2021,-10.7,-10.7,"Sentinel-2A, Sentinel-2B",20,unverified,LOW
T021,2022,2022,2022,-16.5,-16.5,"Sentinel-2A, Sentinel-2B",20,unverified,LOW
T021,2023,2023,2023,-29.76,-29.76,"Sentinel-2A, Sentinel-2B",20,unverified,LOW
T021,2024,2024,2024,-31.03,-31.03,"Sentinel-2A, Sentinel-2B",20,unverified,LOW
T021,2025,2025,2025,-18.56,-18.56,"Sentinel-2A, Sentinel-2C",20,unverified,LOW
T021,2026,2026,2026,-31.03,-31.03,"Sentinel-2B, Sentinel-2C",20,unverified,LOW
T022,1985,1985,1987,268.31,268.31,landsat-5,30,unverified,LOW
T022,1990,1990,1990,-20.74,-20.74,landsat-5,30,unverified,LOW
T022,2000,2000,2000,-5.82,-5.82,"landsat-5, landsat-7",30,unverified,LOW
T022,2010,2010,2009,22.09,22.09,landsat-5,30,unverified,LOW
T022,2017,2017,2017,21.9,21.9,Sentinel-2A,20,unverified,LOW
T022,2018,2018,2018,26.61,26.61,"Sentinel-2A, Sentinel-2B",20,unverified,LOW
T022,2019,2019,2019,19.79,19.79,"Sentinel-2A, Sentinel-2B",20,unverified,LOW
T022,2020,2020,2020,19.6,19.6,"Sentinel-2A, Sentinel-2B",20,unverified,LOW
T022,2021,2021,2021,29.52,29.52,"Sentinel-2A, Sentinel-2B",20,unverified,LOW
T022,2022,2022,2022,19.73,19.73,"Sentinel-2A, Sentinel-2B",20,unverified,LOW
T022,2023,2023,2023,19.01,19.01,"Sentinel-2A, Sentinel-2B",20,unverified,LOW
T022,2024,2024,2024,6.94,6.94,"Sentinel-2A, Sentinel-2B",20,unverified,LOW
T022,2025,2025,2025,19.67,19.67,"Sentinel-2A, Sentinel-2C",20,unverified,LOW
T022,2026,2026,2026,6.94,6.94,"Sentinel-2B, Sentinel-2C",20,unverified,LOW
T023,1985,1985,1987,114.08,114.08,landsat-5,30,unverified,LOW
T023,1990,1990,1990,-2.94,-2.94,landsat-5,30,unverified,LOW
T023,2000,2000,2000,7.59,7.59,"landsat-5, landsat-7",30,unverified,LOW
T023,2010,2010,2009,6.42,6.42,landsat-5,30,unverified,LOW
T023,2017,2017,2017,2.21,2.21,Sentinel-2A,20,unverified,LOW
T023,2018,2018,2018,32.12,32.12,"Sentinel-2A, Sentinel-2B",20,unverified,LOW
T023,2019,2019,2019,26.1,26.1,"Sentinel-2A, Sentinel-2B",20,unverified,LOW
T023,2020,2020,2020,24.08,24.08,"Sentinel-2A, Sentinel-2B",20,unverified,LOW
T023,2021,2021,2021,20.45,20.45,"Sentinel-2A, Sentinel-2B",20,unverified,LOW
T023,2022,2022,2022,5.52,5.52,"Sentinel-2A, Sentinel-2B",20,unverified,LOW
T023,2023,2023,2023,2.21,2.21,"Sentinel-2A, Sentinel-2B",20,unverified,LOW
T023,2024,2024,2024,-4.54,-4.54,"Sentinel-2A, Sentinel-2B",20,unverified,LOW
T023,2025,2025,2025,2.21,2.21,"Sentinel-2A, Sentinel-2C",20,unverified,LOW
T023,2026,2026,2026,-4.54,-4.54,"Sentinel-2B, Sentinel-2C",20,unverified,LOW
T024,1985,1985,1987,107.94,107.94,landsat-5,30,unverified,LOW
T024,1990,1990,1990,-11.4,-11.4,landsat-5,30,unverified,LOW
T024,2000,2000,2000,-8.55,-8.55,"landsat-5, landsat-7",30,unverified,LOW
T024,2010,2010,2009,-8.87,-8.87,landsat-5,30,unverified,LOW
T024,2017,2017,2017,-12.86,-12.86,Sentinel-2A,20,unverified,LOW
T024,2018,2018,2018,8.35,8.35,"Sentinel-2A, Sentinel-2B",20,unverified,LOW
T024,2019,2019,2019,7.04,7.04,"Sentinel-2A, Sentinel-2B",20,unverified,LOW
T024,2020,2020,2020,22.84,22.84,"Sentinel-2A, Sentinel-2B",20,unverified,LOW
T024,2021,2021,2021,5.86,5.86,"Sentinel-2A, Sentinel-2B",20,unverified,LOW
T024,2022,2022,2022,11.76,11.76,"Sentinel-2A, Sentinel-2B",20,unverified,LOW
T024,2023,2023,2023,-12.86,-12.86,"Sentinel-2A, Sentinel-2B",20,unverified,LOW
T024,2024,2024,2024,-14.32,-14.32,"Sentinel-2A, Sentinel-2B",20,unverified,LOW
T024,2025,2025,2025,-12.86,-12.86,"Sentinel-2A, Sentinel-2C",20,unverified,LOW
T024,2026,2026,2026,-14.32,-14.32,"Sentinel-2B, Sentinel-2C",20,unverified,LOW
T025,1985,1985,1987,122.12,122.12,landsat-5,30,unverified,LOW
T025,1990,1990,1990,-5.77,-5.77,landsat-5,30,unverified,LOW
T025,2000,2000,2000,-5.77,-5.77,"landsat-5, landsat-7",30,unverified,LOW
T025,2010,2010,2009,-5.77,-5.77,landsat-5,30,unverified,LOW
T025,2017,2017,2017,-5.77,-5.77,Sentinel-2A,20,unverified,LOW
T025,2018,2018,2018,14.58,14.58,"Sentinel-2A, Sentinel-2B",20,unverified,LOW
T025,2019,2019,2019,14.58,14.58,"Sentinel-2A, Sentinel-2B",20,unverified,LOW
T025,2020,2020,2020,14.58,14.58,"Sentinel-2A, Sentinel-2B",20,unverified,LOW
T025,2021,2021,2021,14.58,14.58,"Sentinel-2A, Sentinel-2B",20,unverified,LOW
T025,2022,2022,2022,14.58,14.58,"Sentinel-2A, Sentinel-2B",20,unverified,LOW
T025,2023,2023,2023,-5.77,-5.77,"Sentinel-2A, Sentinel-2B",20,unverified,LOW
T025,2024,2024,2024,-5.77,-5.77,"Sentinel-2A, Sentinel-2B",20,unverified,LOW
T025,2025,2025,2025,-5.77,-5.77,"Sentinel-2A, Sentinel-2C",20,unverified,LOW
T025,2026,2026,2026,-5.77,-5.77,"Sentinel-2B, Sentinel-2C",20,unverified,LOW
T026,1985,1985,1987,136.29,136.29,landsat-5,30,unverified,LOW
T026,1990,1990,1990,-19.46,-19.46,landsat-5,30,unverified,LOW
T026,2000,2000,2000,-18.02,-18.02,"landsat-5, landsat-7",30,unverified,LOW
T026,2010,2010,2009,10.37,10.37,landsat-5,30,unverified,LOW
T026,2017,2017,2017,10.3,10.3,Sentinel-2A,20,unverified,LOW
T026,2018,2018,2018,23.94,23.94,"Sentinel-2A, Sentinel-2B",20,unverified,LOW
T026,2019,2019,2019,19.6,19.6,"Sentinel-2A, Sentinel-2B",20,unverified,LOW
T026,2020,2020,2020,17.56,17.56,"Sentinel-2A, Sentinel-2B",20,unverified,LOW
T026,2021,2021,2021,23.94,23.94,"Sentinel-2A, Sentinel-2B",20,unverified,LOW
T026,2022,2022,2022,17.56,17.56,"Sentinel-2A, Sentinel-2B",20,unverified,LOW
T026,2023,2023,2023,10.93,10.93,"Sentinel-2A, Sentinel-2B",20,unverified,LOW
T026,2024,2024,2024,10.3,10.3,"Sentinel-2A, Sentinel-2B",20,unverified,LOW
T026,2025,2025,2025,10.3,10.3,"Sentinel-2A, Sentinel-2C",20,unverified,LOW
T026,2026,2026,2026,4.79,4.79,"Sentinel-2B, Sentinel-2C",20,unverified,LOW
T027,1985,1985,1987,-4.89,-4.89,landsat-5,30,unverified,LOW
T027,1990,1990,1990,-18.55,-18.55,landsat-5,30,unverified,LOW
T027,2000,2000,2000,-9.8,-9.8,"landsat-5, landsat-7",30,unverified,LOW
T027,2010,2010,2009,8.32,8.32,landsat-5,30,unverified,LOW
T027,2017,2017,2017,3.84,3.84,Sentinel-2A,20,unverified,LOW
T027,2018,2018,2018,19.15,19.15,"Sentinel-2A, Sentinel-2B",20,unverified,LOW
T027,2019,2019,2019,12.8,12.8,"Sentinel-2A, Sentinel-2B",20,unverified,LOW
T027,2020,2020,2020,12.8,12.8,"Sentinel-2A, Sentinel-2B",20,unverified,LOW
T027,2021,2021,2021,19.55,19.55,"Sentinel-2A, Sentinel-2B",20,unverified,LOW
T027,2022,2022,2022,12.8,12.8,"Sentinel-2A, Sentinel-2B",20,unverified,LOW
T027,2023,2023,2023,7.15,7.15,"Sentinel-2A, Sentinel-2B",20,unverified,LOW
T027,2024,2024,2024,3.84,3.84,"Sentinel-2A, Sentinel-2B",20,unverified,LOW
T027,2025,2025,2025,3.84,3.84,"Sentinel-2A, Sentinel-2C",20,unverified,LOW
T027,2026,2026,2026,-3.01,-3.01,"Sentinel-2B, Sentinel-2C",20,unverified,LOW
T028,1985,1985,1987,-35.61,-35.61,landsat-5,30,unverified,LOW
T028,1990,1990,1990,-13.08,-13.08,landsat-5,30,unverified,LOW
T028,2000,2000,2000,7.99,7.99,"landsat-5, landsat-7",30,unverified,LOW
T028,2010,2010,2009,13.79,13.79,landsat-5,30,unverified,LOW
T028,2017,2017,2017,9.31,9.31,Sentinel-2A,20,unverified,LOW
T028,2018,2018,2018,21.05,21.05,"Sentinel-2A, Sentinel-2B",20,unverified,LOW
T028,2019,2019,2019,18.27,18.27,"Sentinel-2A, Sentinel-2B",20,unverified,LOW
T028,2020,2020,2020,18.27,18.27,"Sentinel-2A, Sentinel-2B",20,unverified,LOW
T028,2021,2021,2021,21.99,21.99,"Sentinel-2A, Sentinel-2B",20,unverified,LOW
T028,2022,2022,2022,18.27,18.27,"Sentinel-2A, Sentinel-2B",20,unverified,LOW
T028,2023,2023,2023,13.49,13.49,"Sentinel-2A, Sentinel-2B",20,unverified,LOW
T028,2024,2024,2024,9.31,9.31,"Sentinel-2A, Sentinel-2B",20,unverified,LOW
T028,2025,2025,2025,9.31,9.31,"Sentinel-2A, Sentinel-2C",20,unverified,LOW
T028,2026,2026,2026,8.38,8.38,"Sentinel-2B, Sentinel-2C",20,unverified,LOW
T029,1985,1985,1987,-7.68,-7.68,landsat-5,30,unverified,LOW
T029,1990,1990,1990,-12.87,-12.87,landsat-5,30,unverified,LOW
T029,2000,2000,2000,12.37,12.37,"landsat-5, landsat-7",30,unverified,LOW
T029,2010,2010,2009,12.37,12.37,landsat-5,30,unverified,LOW
T029,2017,2017,2017,8.57,8.57,Sentinel-2A,20,unverified,LOW
T029,2018,2018,2018,19.78,19.78,"Sentinel-2A, Sentinel-2B",20,unverified,LOW
T029,2019,2019,2019,19.78,19.78,"Sentinel-2A, Sentinel-2B",20,unverified,LOW
T029,2020,2020,2020,13.24,13.24,"Sentinel-2A, Sentinel-2B",20,unverified,LOW
T029,2021,2021,2021,24.42,24.42,"Sentinel-2A, Sentinel-2B",20,unverified,LOW
T029,2022,2022,2022,14.35,14.35,"Sentinel-2A, Sentinel-2B",20,unverified,LOW
T029,2023,2023,2023,11.67,11.67,"Sentinel-2A, Sentinel-2B",20,unverified,LOW
T029,2024,2024,2024,8.57,8.57,"Sentinel-2A, Sentinel-2B",20,unverified,LOW
T029,2025,2025,2025,8.57,8.57,"Sentinel-2A, Sentinel-2C",20,unverified,LOW
T029,2026,2026,2026,4.3,4.3,"Sentinel-2B, Sentinel-2C",20,unverified,LOW
T030,1985,1985,1987,-6.14,-6.14,landsat-5,30,unverified,LOW
T030,1990,1990,1990,-24.07,-24.07,landsat-5,30,unverified,LOW
T030,2000,2000,2000,-4.47,-4.47,"landsat-5, landsat-7",30,unverified,LOW
T030,2010,2010,2009,-4.47,-4.47,landsat-5,30,unverified,LOW
T030,2017,2017,2017,-1.66,-1.66,Sentinel-2A,20,unverified,LOW
T030,2018,2018,2018,7.43,7.43,"Sentinel-2A, Sentinel-2B",20,unverified,LOW
T030,2019,2019,2019,7.43,7.43,"Sentinel-2A, Sentinel-2B",20,unverified,LOW
T030,2020,2020,2020,3.02,3.02,"Sentinel-2A, Sentinel-2B",20,unverified,LOW
T030,2021,2021,2021,10.3,10.3,"Sentinel-2A, Sentinel-2B",20,unverified,LOW
T030,2022,2022,2022,5.78,5.78,"Sentinel-2A, Sentinel-2B",20,unverified,LOW
T030,2023,2023,2023,-0.91,-0.91,"Sentinel-2A, Sentinel-2B",20,unverified,LOW
T030,2024,2024,2024,-1.66,-1.66,"Sentinel-2A, Sentinel-2B",20,unverified,LOW
T030,2025,2025,2025,-1.66,-1.66,"Sentinel-2A, Sentinel-2C",20,unverified,LOW
T030,2026,2026,2026,-2.68,-2.68,"Sentinel-2B, Sentinel-2C",20,unverified,LOW
T031,1985,1985,1987,-8.16,-8.16,landsat-5,30,unverified,LOW
T031,1990,1990,1990,-23.36,-23.36,landsat-5,30,unverified,LOW
T031,2000,2000,2000,1.73,1.73,"landsat-5, landsat-7",30,unverified,LOW
T031,2010,2010,2009,-1.6,-1.6,landsat-5,30,unverified,LOW
T031,2017,2017,2017,12.11,12.11,Sentinel-2A,20,unverified,LOW
T031,2018,2018,2018,6.38,6.38,"Sentinel-2A, Sentinel-2B",20,unverified,LOW
T031,2019,2019,2019,6.38,6.38,"Sentinel-2A, Sentinel-2B",20,unverified,LOW
T031,2020,2020,2020,3.25,3.25,"Sentinel-2A, Sentinel-2B",20,unverified,LOW
T031,2021,2021,2021,2.22,2.22,"Sentinel-2A, Sentinel-2B",20,unverified,LOW
T031,2022,2022,2022,6.38,6.38,"Sentinel-2A, Sentinel-2B",20,unverified,LOW
T031,2023,2023,2023,3.25,3.25,"Sentinel-2A, Sentinel-2B",20,unverified,LOW
T031,2024,2024,2024,-1.15,-1.15,"Sentinel-2A, Sentinel-2B",20,unverified,LOW
T031,2025,2025,2025,3.25,3.25,"Sentinel-2A, Sentinel-2C",20,unverified,LOW
T031,2026,2026,2026,-1.15,-1.15,"Sentinel-2B, Sentinel-2C",20,unverified,LOW
T032,1985,1985,1987,-34.57,-34.57,landsat-5,30,unverified,LOW
T032,1990,1990,1990,-34.57,-34.57,landsat-5,30,unverified,LOW
T032,2000,2000,2000,-8.42,-8.42,"landsat-5, landsat-7",30,unverified,LOW
T032,2010,2010,2009,-5.6,-5.6,landsat-5,30,unverified,LOW
T032,2017,2017,2017,82.13,82.13,Sentinel-2A,20,unverified,LOW
T032,2018,2018,2018,2.52,2.52,"Sentinel-2A, Sentinel-2B",20,unverified,LOW
T032,2019,2019,2019,22.45,22.45,"Sentinel-2A, Sentinel-2B",20,unverified,LOW
T032,2020,2020,2020,9.04,9.04,"Sentinel-2A, Sentinel-2B",20,unverified,LOW
T032,2021,2021,2021,28.02,28.02,"Sentinel-2A, Sentinel-2B",20,unverified,LOW
T032,2022,2022,2022,-6.32,-6.32,"Sentinel-2A, Sentinel-2B",20,unverified,LOW
T032,2023,2023,2023,-10.95,-10.95,"Sentinel-2A, Sentinel-2B",20,unverified,LOW
T032,2024,2024,2024,-11.92,-11.92,"Sentinel-2A, Sentinel-2B",20,unverified,LOW
T032,2025,2025,2025,15.17,15.17,"Sentinel-2A, Sentinel-2C",20,unverified,LOW
T032,2026,2026,2026,-11.92,-11.92,"Sentinel-2B, Sentinel-2C",20,unverified,LOW
T033,1985,1985,1987,-17.65,-17.65,landsat-5,30,unverified,LOW
T033,1990,1990,1990,-17.65,-17.65,landsat-5,30,unverified,LOW
T033,2000,2000,2000,-5.94,-5.94,"landsat-5, landsat-7",30,unverified,LOW
T033,2010,2010,2009,35.72,35.72,landsat-5,30,unverified,LOW
T033,2017,2017,2017,99.55,99.55,Sentinel-2A,20,unverified,LOW
T033,2018,2018,2018,67.57,67.57,"Sentinel-2A, Sentinel-2B",20,unverified,LOW
T033,2019,2019,2019,66.25,66.25,"Sentinel-2A, Sentinel-2B",20,unverified,LOW
T033,2020,2020,2020,66.25,66.25,"Sentinel-2A, Sentinel-2B",20,unverified,LOW
T033,2021,2021,2021,77.81,77.81,"Sentinel-2A, Sentinel-2B",20,unverified,LOW
T033,2022,2022,2022,-10.67,-10.67,"Sentinel-2A, Sentinel-2B",20,unverified,LOW
T033,2023,2023,2023,-10.67,-10.67,"Sentinel-2A, Sentinel-2B",20,unverified,LOW
T033,2024,2024,2024,-18.51,-18.51,"Sentinel-2A, Sentinel-2B",20,unverified,LOW
T033,2025,2025,2025,92.47,92.47,"Sentinel-2A, Sentinel-2C",20,unverified,LOW
T033,2026,2026,2026,-18.51,-18.51,"Sentinel-2B, Sentinel-2C",20,unverified,LOW
T034,1985,1985,1987,-19.5,-19.5,landsat-5,30,unverified,LOW
T034,1990,1990,1990,-19.5,-19.5,landsat-5,30,unverified,LOW
T034,2000,2000,2000,-13.38,-13.38,"landsat-5, landsat-7",30,unverified,LOW
T034,2010,2010,2009,2.38,2.38,landsat-5,30,unverified,LOW
T034,2017,2017,2017,55.06,55.06,Sentinel-2A,20,unverified,LOW
T034,2018,2018,2018,23.41,23.41,"Sentinel-2A, Sentinel-2B",20,unverified,LOW
T034,2019,2019,2019,23.41,23.41,"Sentinel-2A, Sentinel-2B",20,unverified,LOW
T034,2020,2020,2020,23.41,23.41,"Sentinel-2A, Sentinel-2B",20,unverified,LOW
T034,2021,2021,2021,31.0,31.0,"Sentinel-2A, Sentinel-2B",20,unverified,LOW
T034,2022,2022,2022,-3.3,-3.3,"Sentinel-2A, Sentinel-2B",20,unverified,LOW
T034,2023,2023,2023,-3.3,-3.3,"Sentinel-2A, Sentinel-2B",20,unverified,LOW
T034,2024,2024,2024,-7.61,-7.61,"Sentinel-2A, Sentinel-2B",20,unverified,LOW
T034,2025,2025,2025,61.9,61.9,"Sentinel-2A, Sentinel-2C",20,unverified,LOW
T034,2026,2026,2026,-7.61,-7.61,"Sentinel-2B, Sentinel-2C",20,unverified,LOW
T035,1985,1985,1987,-45.4,-45.4,landsat-5,30,unverified,LOW
T035,1990,1990,1990,-45.4,-45.4,landsat-5,30,unverified,LOW
T035,2000,2000,2000,-44.96,-44.96,"landsat-5, landsat-7",30,unverified,LOW
T035,2010,2010,2009,-39.94,-39.94,landsat-5,30,unverified,LOW
T035,2017,2017,2017,18.54,18.54,Sentinel-2A,20,unverified,LOW
T035,2018,2018,2018,6.97,6.97,"Sentinel-2A, Sentinel-2B",20,unverified,LOW
T035,2019,2019,2019,6.97,6.97,"Sentinel-2A, Sentinel-2B",20,unverified,LOW
T035,2020,2020,2020,6.97,6.97,"Sentinel-2A, Sentinel-2B",20,unverified,LOW
T035,2021,2021,2021,9.75,9.75,"Sentinel-2A, Sentinel-2B",20,unverified,LOW
T035,2022,2022,2022,-19.87,-19.87,"Sentinel-2A, Sentinel-2B",20,unverified,LOW
T035,2023,2023,2023,-19.87,-19.87,"Sentinel-2A, Sentinel-2B",20,unverified,LOW
T035,2024,2024,2024,-21.18,-21.18,"Sentinel-2A, Sentinel-2B",20,unverified,LOW
T035,2025,2025,2025,-0.07,-0.07,"Sentinel-2A, Sentinel-2C",20,unverified,LOW
T035,2026,2026,2026,-21.18,-21.18,"Sentinel-2B, Sentinel-2C",20,unverified,LOW
T036,1985,1985,1987,-21.87,-21.87,landsat-5,30,unverified,LOW
T036,1990,1990,1990,-21.87,-21.87,landsat-5,30,unverified,LOW
T036,2000,2000,2000,-24.57,-24.57,"landsat-5, landsat-7",30,unverified,LOW
T036,2010,2010,2009,-21.87,-21.87,landsat-5,30,unverified,LOW
T036,2017,2017,2017,17.24,17.24,Sentinel-2A,20,unverified,LOW
T036,2018,2018,2018,9.26,9.26,"Sentinel-2A, Sentinel-2B",20,unverified,LOW
T036,2019,2019,2019,9.26,9.26,"Sentinel-2A, Sentinel-2B",20,unverified,LOW
T036,2020,2020,2020,9.26,9.26,"Sentinel-2A, Sentinel-2B",20,unverified,LOW
T036,2021,2021,2021,9.26,9.26,"Sentinel-2A, Sentinel-2B",20,unverified,LOW
T036,2022,2022,2022,9.26,9.26,"Sentinel-2A, Sentinel-2B",20,unverified,LOW
T036,2023,2023,2023,9.26,9.26,"Sentinel-2A, Sentinel-2B",20,unverified,LOW
T036,2024,2024,2024,4.81,4.81,"Sentinel-2A, Sentinel-2B",20,unverified,LOW
T036,2025,2025,2025,4.81,4.81,"Sentinel-2A, Sentinel-2C",20,unverified,LOW
T036,2026,2026,2026,4.81,4.81,"Sentinel-2B, Sentinel-2C",20,unverified,LOW
T037,1985,1985,1987,-48.49,-48.49,landsat-5,30,unverified,LOW
T037,1990,1990,1990,-48.49,-48.49,landsat-5,30,unverified,LOW
T037,2000,2000,2000,-34.26,-34.26,"landsat-5, landsat-7",30,unverified,LOW
T037,2010,2010,2009,-5.5,-5.5,landsat-5,30,unverified,LOW
T037,2017,2017,2017,22.65,22.65,Sentinel-2A,20,unverified,LOW
T037,2018,2018,2018,34.39,34.39,"Sentinel-2A, Sentinel-2B",20,unverified,LOW
T037,2019,2019,2019,34.39,34.39,"Sentinel-2A, Sentinel-2B",20,unverified,LOW
T037,2020,2020,2020,22.65,22.65,"Sentinel-2A, Sentinel-2B",20,unverified,LOW
T037,2021,2021,2021,34.34,34.34,"Sentinel-2A, Sentinel-2B",20,unverified,LOW
T037,2022,2022,2022,22.65,22.65,"Sentinel-2A, Sentinel-2B",20,unverified,LOW
T037,2023,2023,2023,24.08,24.08,"Sentinel-2A, Sentinel-2B",20,unverified,LOW
T037,2024,2024,2024,24.08,24.08,"Sentinel-2A, Sentinel-2B",20,unverified,LOW
T037,2025,2025,2025,24.08,24.08,"Sentinel-2A, Sentinel-2C",20,unverified,LOW
T037,2026,2026,2026,24.08,24.08,"Sentinel-2B, Sentinel-2C",20,unverified,LOW
T038,1985,1985,1987,-44.53,-44.53,landsat-5,30,unverified,LOW
T038,1990,1990,1990,-44.53,-44.53,landsat-5,30,unverified,LOW
T038,2000,2000,2000,-31.93,-31.93,"landsat-5, landsat-7",30,unverified,LOW
T038,2010,2010,2009,-11.97,-11.97,landsat-5,30,unverified,LOW
T038,2017,2017,2017,17.94,17.94,Sentinel-2A,20,unverified,LOW
T038,2018,2018,2018,23.16,23.16,"Sentinel-2A, Sentinel-2B",20,unverified,LOW
T038,2019,2019,2019,17.94,17.94,"Sentinel-2A, Sentinel-2B",20,unverified,LOW
T038,2020,2020,2020,17.94,17.94,"Sentinel-2A, Sentinel-2B",20,unverified,LOW
T038,2021,2021,2021,17.94,17.94,"Sentinel-2A, Sentinel-2B",20,unverified,LOW
T038,2022,2022,2022,17.94,17.94,"Sentinel-2A, Sentinel-2B",20,unverified,LOW
T038,2023,2023,2023,3.16,3.16,"Sentinel-2A, Sentinel-2B",20,unverified,LOW
T038,2024,2024,2024,3.16,3.16,"Sentinel-2A, Sentinel-2B",20,unverified,LOW
T038,2025,2025,2025,3.16,3.16,"Sentinel-2A, Sentinel-2C",20,unverified,LOW
T038,2026,2026,2026,3.16,3.16,"Sentinel-2B, Sentinel-2C",20,unverified,LOW
T039,1985,1985,1987,129.17,129.17,landsat-5,30,unverified,LOW
T039,1990,1990,1990,-29.83,-29.83,landsat-5,30,unverified,LOW
T039,2000,2000,2000,0.4,0.4,"landsat-5, landsat-7",30,unverified,LOW
T039,2010,2010,2009,0.4,0.4,landsat-5,30,unverified,LOW
T039,2017,2017,2017,0.4,0.4,Sentinel-2A,20,unverified,LOW
T039,2018,2018,2018,20.56,20.56,"Sentinel-2A, Sentinel-2B",20,unverified,LOW
T039,2019,2019,2019,0.4,0.4,"Sentinel-2A, Sentinel-2B",20,unverified,LOW
T039,2020,2020,2020,0.4,0.4,"Sentinel-2A, Sentinel-2B",20,unverified,LOW
T039,2021,2021,2021,0.4,0.4,"Sentinel-2A, Sentinel-2B",20,unverified,LOW
T039,2022,2022,2022,0.4,0.4,"Sentinel-2A, Sentinel-2B",20,unverified,LOW
T039,2023,2023,2023,0.4,0.4,"Sentinel-2A, Sentinel-2B",20,unverified,LOW
T039,2024,2024,2024,0.4,0.4,"Sentinel-2A, Sentinel-2B",20,unverified,LOW
T039,2025,2025,2025,0.4,0.4,"Sentinel-2A, Sentinel-2C",20,unverified,LOW
T039,2026,2026,2026,0.4,0.4,"Sentinel-2B, Sentinel-2C",20,unverified,LOW
T040,1985,1985,1987,324.93,324.93,landsat-5,30,unverified,LOW
T040,1990,1990,1990,-68.97,-68.97,landsat-5,30,unverified,LOW
T040,2000,2000,2000,-36.37,-36.37,"landsat-5, landsat-7",30,unverified,LOW
T040,2010,2010,2009,-36.37,-36.37,landsat-5,30,unverified,LOW
T040,2017,2017,2017,-36.37,-36.37,Sentinel-2A,20,unverified,LOW
T040,2018,2018,2018,-14.63,-14.63,"Sentinel-2A, Sentinel-2B",20,unverified,LOW
T040,2019,2019,2019,-36.37,-36.37,"Sentinel-2A, Sentinel-2B",20,unverified,LOW
T040,2020,2020,2020,-36.37,-36.37,"Sentinel-2A, Sentinel-2B",20,unverified,LOW
T040,2021,2021,2021,-36.37,-36.37,"Sentinel-2A, Sentinel-2B",20,unverified,LOW
T040,2022,2022,2022,-36.37,-36.37,"Sentinel-2A, Sentinel-2B",20,unverified,LOW
T040,2023,2023,2023,-36.37,-36.37,"Sentinel-2A, Sentinel-2B",20,unverified,LOW
T040,2024,2024,2024,-36.37,-36.37,"Sentinel-2A, Sentinel-2B",20,unverified,LOW
T040,2025,2025,2025,-36.37,-36.37,"Sentinel-2A, Sentinel-2C",20,unverified,LOW
T040,2026,2026,2026,-36.37,-36.37,"Sentinel-2B, Sentinel-2C",20,unverified,LOW
T041,1985,1985,1987,356.74,356.74,landsat-5,30,unverified,LOW
T041,1990,1990,1990,-41.44,-41.44,landsat-5,30,unverified,LOW
T041,2000,2000,2000,-24.76,-24.76,"landsat-5, landsat-7",30,unverified,LOW
T041,2010,2010,2009,-25.53,-25.53,landsat-5,30,unverified,LOW
T041,2017,2017,2017,-24.04,-24.04,Sentinel-2A,20,unverified,LOW
T041,2018,2018,2018,-2.96,-2.96,"Sentinel-2A, Sentinel-2B",20,unverified,LOW
T041,2019,2019,2019,-18.54,-18.54,"Sentinel-2A, Sentinel-2B",20,unverified,LOW
T041,2020,2020,2020,-24.04,-24.04,"Sentinel-2A, Sentinel-2B",20,unverified,LOW
T041,2021,2021,2021,-21.25,-21.25,"Sentinel-2A, Sentinel-2B",20,unverified,LOW
T041,2022,2022,2022,-24.04,-24.04,"Sentinel-2A, Sentinel-2B",20,unverified,LOW
T041,2023,2023,2023,-24.04,-24.04,"Sentinel-2A, Sentinel-2B",20,unverified,LOW
T041,2024,2024,2024,-24.04,-24.04,"Sentinel-2A, Sentinel-2B",20,unverified,LOW
T041,2025,2025,2025,-24.04,-24.04,"Sentinel-2A, Sentinel-2C",20,unverified,LOW
T041,2026,2026,2026,-17.98,-17.98,"Sentinel-2B, Sentinel-2C",20,unverified,LOW
T042,1985,1985,1987,361.77,361.77,landsat-5,30,unverified,LOW
T042,1990,1990,1990,-14.0,-14.0,landsat-5,30,unverified,LOW
T042,2000,2000,2000,-6.47,-6.47,"landsat-5, landsat-7",30,unverified,LOW
T042,2010,2010,2009,-8.17,-8.17,landsat-5,30,unverified,LOW
T042,2017,2017,2017,-12.68,-12.68,Sentinel-2A,20,unverified,LOW
T042,2018,2018,2018,10.67,10.67,"Sentinel-2A, Sentinel-2B",20,unverified,LOW
T042,2019,2019,2019,-1.16,-1.16,"Sentinel-2A, Sentinel-2B",20,unverified,LOW
T042,2020,2020,2020,-12.68,-12.68,"Sentinel-2A, Sentinel-2B",20,unverified,LOW
T042,2021,2021,2021,-6.79,-6.79,"Sentinel-2A, Sentinel-2B",20,unverified,LOW
T042,2022,2022,2022,-12.68,-12.68,"Sentinel-2A, Sentinel-2B",20,unverified,LOW
T042,2023,2023,2023,-12.68,-12.68,"Sentinel-2A, Sentinel-2B",20,unverified,LOW
T042,2024,2024,2024,-12.68,-12.68,"Sentinel-2A, Sentinel-2B",20,unverified,LOW
T042,2025,2025,2025,-12.68,-12.68,"Sentinel-2A, Sentinel-2C",20,unverified,LOW
T042,2026,2026,2026,0.0,0.0,"Sentinel-2B, Sentinel-2C",20,unverified,LOW
T043,1985,1985,1987,370.42,370.42,landsat-5,30,unverified,LOW
T043,1990,1990,1990,-6.05,-6.05,landsat-5,30,unverified,LOW
T043,2000,2000,2000,-6.4,-6.4,"landsat-5, landsat-7",30,unverified,LOW
T043,2010,2010,2009,-9.02,-9.02,landsat-5,30,unverified,LOW
T043,2017,2017,2017,-19.25,-19.25,Sentinel-2A,20,unverified,LOW
T043,2018,2018,2018,6.79,6.79,"Sentinel-2A, Sentinel-2B",20,unverified,LOW
T043,2019,2019,2019,-1.76,-1.76,"Sentinel-2A, Sentinel-2B",20,unverified,LOW
T043,2020,2020,2020,-19.25,-19.25,"Sentinel-2A, Sentinel-2B",20,unverified,LOW
T043,2021,2021,2021,-10.3,-10.3,"Sentinel-2A, Sentinel-2B",20,unverified,LOW
T043,2022,2022,2022,-19.25,-19.25,"Sentinel-2A, Sentinel-2B",20,unverified,LOW
T043,2023,2023,2023,-19.25,-19.25,"Sentinel-2A, Sentinel-2B",20,unverified,LOW
T043,2024,2024,2024,-19.25,-19.25,"Sentinel-2A, Sentinel-2B",20,unverified,LOW
T043,2025,2025,2025,-19.25,-19.25,"Sentinel-2A, Sentinel-2C",20,unverified,LOW
T043,2026,2026,2026,0.0,0.0,"Sentinel-2B, Sentinel-2C",20,unverified,LOW
T044,1985,1985,1987,377.84,377.84,landsat-5,30,unverified,LOW
T044,1990,1990,1990,1.91,1.91,landsat-5,30,unverified,LOW
T044,2000,2000,2000,-6.33,-6.33,"landsat-5, landsat-7",30,unverified,LOW
T044,2010,2010,2009,-9.87,-9.87,landsat-5,30,unverified,LOW
T044,2017,2017,2017,-25.82,-25.82,Sentinel-2A,20,unverified,LOW
T044,2018,2018,2018,2.91,2.91,"Sentinel-2A, Sentinel-2B",20,unverified,LOW
T044,2019,2019,2019,-2.36,-2.36,"Sentinel-2A, Sentinel-2B",20,unverified,LOW
T044,2020,2020,2020,-25.82,-25.82,"Sentinel-2A, Sentinel-2B",20,unverified,LOW
T044,2021,2021,2021,-13.82,-13.82,"Sentinel-2A, Sentinel-2B",20,unverified,LOW
T044,2022,2022,2022,-25.82,-25.82,"Sentinel-2A, Sentinel-2B",20,unverified,LOW
T044,2023,2023,2023,-25.82,-25.82,"Sentinel-2A, Sentinel-2B",20,unverified,LOW
T044,2024,2024,2024,-25.82,-25.82,"Sentinel-2A, Sentinel-2B",20,unverified,LOW
T044,2025,2025,2025,-25.82,-25.82,"Sentinel-2A, Sentinel-2C",20,unverified,LOW
T044,2026,2026,2026,0.0,0.0,"Sentinel-2B, Sentinel-2C",20,unverified,LOW
T045,1985,1985,1987,377.51,377.51,landsat-5,30,unverified,LOW
T045,1990,1990,1990,-3.63,-3.63,landsat-5,30,unverified,LOW
T045,2000,2000,2000,-20.26,-20.26,"landsat-5, landsat-7",30,unverified,LOW
T045,2010,2010,2009,-24.92,-24.92,landsat-5,30,unverified,LOW
T045,2017,2017,2017,-48.05,-48.05,Sentinel-2A,20,unverified,LOW
T045,2018,2018,2018,-14.87,-14.87,"Sentinel-2A, Sentinel-2B",20,unverified,LOW
T045,2019,2019,2019,-16.86,-16.86,"Sentinel-2A, Sentinel-2B",20,unverified,LOW
T045,2020,2020,2020,-48.05,-48.05,"Sentinel-2A, Sentinel-2B",20,unverified,LOW
T045,2021,2021,2021,-31.97,-31.97,"Sentinel-2A, Sentinel-2B",20,unverified,LOW
T045,2022,2022,2022,-48.05,-48.05,"Sentinel-2A, Sentinel-2B",20,unverified,LOW
T045,2023,2023,2023,-48.05,-48.05,"Sentinel-2A, Sentinel-2B",20,unverified,LOW
T045,2024,2024,2024,-48.05,-48.05,"Sentinel-2A, Sentinel-2B",20,unverified,LOW
T045,2025,2025,2025,-48.05,-48.05,"Sentinel-2A, Sentinel-2C",20,unverified,LOW
T045,2026,2026,2026,-13.78,-13.78,"Sentinel-2B, Sentinel-2C",20,unverified,LOW
T046,1985,1985,1987,254.74,254.74,landsat-5,30,unverified,LOW
T046,1990,1990,1990,-22.22,-22.22,landsat-5,30,unverified,LOW
T046,2000,2000,2000,-40.58,-40.58,"landsat-5, landsat-7",30,unverified,LOW
T046,2010,2010,2009,-26.42,-26.42,landsat-5,30,unverified,LOW
T046,2017,2017,2017,-37.84,-37.84,Sentinel-2A,20,unverified,LOW
T046,2018,2018,2018,-21.63,-21.63,"Sentinel-2A, Sentinel-2B",20,unverified,LOW
T046,2019,2019,2019,-22.91,-22.91,"Sentinel-2A, Sentinel-2B",20,unverified,LOW
T046,2020,2020,2020,-30.97,-30.97,"Sentinel-2A, Sentinel-2B",20,unverified,LOW
T046,2021,2021,2021,-28.17,-28.17,"Sentinel-2A, Sentinel-2B",20,unverified,LOW
T046,2022,2022,2022,-36.68,-36.68,"Sentinel-2A, Sentinel-2B",20,unverified,LOW
T046,2023,2023,2023,-37.84,-37.84,"Sentinel-2A, Sentinel-2B",20,unverified,LOW
T046,2024,2024,2024,-36.68,-36.68,"Sentinel-2A, Sentinel-2B",20,unverified,LOW
T046,2025,2025,2025,-36.68,-36.68,"Sentinel-2A, Sentinel-2C",20,unverified,LOW
T046,2026,2026,2026,-33.43,-33.43,"Sentinel-2B, Sentinel-2C",20,unverified,LOW
T047,1985,1985,1987,244.93,244.93,landsat-5,30,unverified,LOW
T047,1990,1990,1990,-21.98,-21.98,landsat-5,30,unverified,LOW
T047,2000,2000,2000,-3.96,-3.96,"landsat-5, landsat-7",30,unverified,LOW
T047,2010,2010,2009,-3.87,-3.87,landsat-5,30,unverified,LOW
T047,2017,2017,2017,-13.88,-13.88,Sentinel-2A,20,unverified,LOW
T047,2018,2018,2018,2.33,2.33,"Sentinel-2A, Sentinel-2B",20,unverified,LOW
T047,2019,2019,2019,-1.85,-1.85,"Sentinel-2A, Sentinel-2B",20,unverified,LOW
T047,2020,2020,2020,-6.52,-6.52,"Sentinel-2A, Sentinel-2B",20,unverified,LOW
T047,2021,2021,2021,-1.62,-1.62,"Sentinel-2A, Sentinel-2B",20,unverified,LOW
T047,2022,2022,2022,-11.2,-11.2,"Sentinel-2A, Sentinel-2B",20,unverified,LOW
T047,2023,2023,2023,-13.88,-13.88,"Sentinel-2A, Sentinel-2B",20,unverified,LOW
T047,2024,2024,2024,-11.2,-11.2,"Sentinel-2A, Sentinel-2B",20,unverified,LOW
T047,2025,2025,2025,-11.2,-11.2,"Sentinel-2A, Sentinel-2C",20,unverified,LOW
T047,2026,2026,2026,-15.61,-15.61,"Sentinel-2B, Sentinel-2C",20,unverified,LOW
T048,1985,1985,1987,247.09,247.09,landsat-5,30,unverified,LOW
T048,1990,1990,1990,-13.22,-13.22,landsat-5,30,unverified,LOW
T048,2000,2000,2000,15.84,15.84,"landsat-5, landsat-7",30,unverified,LOW
T048,2010,2010,2009,3.25,3.25,landsat-5,30,unverified,LOW
T048,2017,2017,2017,-5.26,-5.26,Sentinel-2A,20,unverified,LOW
T048,2018,2018,2018,18.31,18.31,"Sentinel-2A, Sentinel-2B",20,unverified,LOW
T048,2019,2019,2019,3.84,3.84,"Sentinel-2A, Sentinel-2B",20,unverified,LOW
T048,2020,2020,2020,-3.98,-3.98,"Sentinel-2A, Sentinel-2B",20,unverified,LOW
T048,2021,2021,2021,9.18,9.18,"Sentinel-2A, Sentinel-2B",20,unverified,LOW
T048,2022,2022,2022,-1.18,-1.18,"Sentinel-2A, Sentinel-2B",20,unverified,LOW
T048,2023,2023,2023,-5.26,-5.26,"Sentinel-2A, Sentinel-2B",20,unverified,LOW
T048,2024,2024,2024,-1.18,-1.18,"Sentinel-2A, Sentinel-2B",20,unverified,LOW
T048,2025,2025,2025,-1.18,-1.18,"Sentinel-2A, Sentinel-2C",20,unverified,LOW
T048,2026,2026,2026,-3.9,-3.9,"Sentinel-2B, Sentinel-2C",20,unverified,LOW
T049,1985,1985,1987,195.5,195.5,landsat-5,30,unverified,LOW
T049,1990,1990,1990,-22.86,-22.86,landsat-5,30,unverified,LOW
T049,2000,2000,2000,13.09,13.09,"landsat-5, landsat-7",30,unverified,LOW
T049,2010,2010,2009,-0.59,-0.59,landsat-5,30,unverified,LOW
T049,2017,2017,2017,-4.34,-4.34,Sentinel-2A,20,unverified,LOW
T049,2018,2018,2018,12.28,12.28,"Sentinel-2A, Sentinel-2B",20,unverified,LOW
T049,2019,2019,2019,3.36,3.36,"Sentinel-2A, Sentinel-2B",20,unverified,LOW
T049,2020,2020,2020,-7.01,-7.01,"Sentinel-2A, Sentinel-2B",20,unverified,LOW
T049,2021,2021,2021,-0.4,-0.4,"Sentinel-2A, Sentinel-2B",20,unverified,LOW
T049,2022,2022,2022,-10.84,-10.84,"Sentinel-2A, Sentinel-2B",20,unverified,LOW
T049,2023,2023,2023,-0.69,-0.69,"Sentinel-2A, Sentinel-2B",20,unverified,LOW
T049,2024,2024,2024,-10.84,-10.84,"Sentinel-2A, Sentinel-2B",20,unverified,LOW
T049,2025,2025,2025,-10.84,-10.84,"Sentinel-2A, Sentinel-2C",20,unverified,LOW
T049,2026,2026,2026,-10.84,-10.84,"Sentinel-2B, Sentinel-2C",20,unverified,LOW
T050,1985,1985,1987,143.9,143.9,landsat-5,30,unverified,LOW
T050,1990,1990,1990,-16.26,-16.26,landsat-5,30,unverified,LOW
T050,2000,2000,2000,10.34,10.34,"landsat-5, landsat-7",30,unverified,LOW
T050,2010,2010,2009,3.69,3.69,landsat-5,30,unverified,LOW
T050,2017,2017,2017,0.71,0.71,Sentinel-2A,20,unverified,LOW
T050,2018,2018,2018,13.18,13.18,"Sentinel-2A, Sentinel-2B",20,unverified,LOW
T050,2019,2019,2019,14.29,14.29,"Sentinel-2A, Sentinel-2B",20,unverified,LOW
T050,2020,2020,2020,7.21,7.21,"Sentinel-2A, Sentinel-2B",20,unverified,LOW
T050,2021,2021,2021,9.93,9.93,"Sentinel-2A, Sentinel-2B",20,unverified,LOW
T050,2022,2022,2022,-2.65,-2.65,"Sentinel-2A, Sentinel-2B",20,unverified,LOW
T050,2023,2023,2023,8.97,8.97,"Sentinel-2A, Sentinel-2B",20,unverified,LOW
T050,2024,2024,2024,-2.65,-2.65,"Sentinel-2A, Sentinel-2B",20,unverified,LOW
T050,2025,2025,2025,-2.65,-2.65,"Sentinel-2A, Sentinel-2C",20,unverified,LOW
T050,2026,2026,2026,-2.65,-2.65,"Sentinel-2B, Sentinel-2C",20,unverified,LOW
T051,1985,1985,1987,99.22,99.22,landsat-5,30,unverified,LOW
T051,1990,1990,1990,4.2,4.2,landsat-5,30,unverified,LOW
T051,2000,2000,2000,7.58,7.58,"landsat-5, landsat-7",30,unverified,LOW
T051,2010,2010,2009,7.98,7.98,landsat-5,30,unverified,LOW
T051,2017,2017,2017,5.75,5.75,Sentinel-2A,20,unverified,LOW
T051,2018,2018,2018,25.2,25.2,"Sentinel-2A, Sentinel-2B",20,unverified,LOW
T051,2019,2019,2019,25.22,25.22,"Sentinel-2A, Sentinel-2B",20,unverified,LOW
T051,2020,2020,2020,14.7,14.7,"Sentinel-2A, Sentinel-2B",20,unverified,LOW
T051,2021,2021,2021,25.13,25.13,"Sentinel-2A, Sentinel-2B",20,unverified,LOW
T051,2022,2022,2022,5.53,5.53,"Sentinel-2A, Sentinel-2B",20,unverified,LOW
T051,2023,2023,2023,9.8,9.8,"Sentinel-2A, Sentinel-2B",20,unverified,LOW
T051,2024,2024,2024,5.53,5.53,"Sentinel-2A, Sentinel-2B",20,unverified,LOW
T051,2025,2025,2025,5.53,5.53,"Sentinel-2A, Sentinel-2C",20,unverified,LOW
T051,2026,2026,2026,5.53,5.53,"Sentinel-2B, Sentinel-2C",20,unverified,LOW
T052,1985,1985,1987,154.69,154.69,landsat-5,30,unverified,LOW
T052,1990,1990,1990,3.68,3.68,landsat-5,30,unverified,LOW
T052,2000,2000,2000,4.83,4.83,"landsat-5, landsat-7",30,unverified,LOW
T052,2010,2010,2009,3.68,3.68,landsat-5,30,unverified,LOW
T052,2017,2017,2017,-7.29,-7.29,Sentinel-2A,20,unverified,LOW
T052,2018,2018,2018,5.35,5.35,"Sentinel-2A, Sentinel-2B",20,unverified,LOW
T052,2019,2019,2019,5.35,5.35,"Sentinel-2A, Sentinel-2B",20,unverified,LOW
T052,2020,2020,2020,0.49,0.49,"Sentinel-2A, Sentinel-2B",20,unverified,LOW
T052,2021,2021,2021,5.35,5.35,"Sentinel-2A, Sentinel-2B",20,unverified,LOW
T052,2022,2022,2022,-12.91,-12.91,"Sentinel-2A, Sentinel-2B",20,unverified,LOW
T052,2023,2023,2023,-4.64,-4.64,"Sentinel-2A, Sentinel-2B",20,unverified,LOW
T052,2024,2024,2024,-7.29,-7.29,"Sentinel-2A, Sentinel-2B",20,unverified,LOW
T052,2025,2025,2025,-11.97,-11.97,"Sentinel-2A, Sentinel-2C",20,unverified,LOW
T052,2026,2026,2026,-7.29,-7.29,"Sentinel-2B, Sentinel-2C",20,unverified,LOW
T053,1985,1985,1987,181.95,181.95,landsat-5,30,unverified,LOW
T053,1990,1990,1990,-2.35,-2.35,landsat-5,30,unverified,LOW
T053,2000,2000,2000,2.08,2.08,"landsat-5, landsat-7",30,unverified,LOW
T053,2010,2010,2009,-2.35,-2.35,landsat-5,30,unverified,LOW
T053,2017,2017,2017,-10.59,-10.59,Sentinel-2A,20,unverified,LOW
T053,2018,2018,2018,-0.4,-0.4,"Sentinel-2A, Sentinel-2B",20,unverified,LOW
T053,2019,2019,2019,-0.4,-0.4,"Sentinel-2A, Sentinel-2B",20,unverified,LOW
T053,2020,2020,2020,-8.28,-8.28,"Sentinel-2A, Sentinel-2B",20,unverified,LOW
T053,2021,2021,2021,-0.4,-0.4,"Sentinel-2A, Sentinel-2B",20,unverified,LOW
T053,2022,2022,2022,-14.89,-14.89,"Sentinel-2A, Sentinel-2B",20,unverified,LOW
T053,2023,2023,2023,-11.86,-11.86,"Sentinel-2A, Sentinel-2B",20,unverified,LOW
T053,2024,2024,2024,-18.19,-18.19,"Sentinel-2A, Sentinel-2B",20,unverified,LOW
T053,2025,2025,2025,-14.46,-14.46,"Sentinel-2A, Sentinel-2C",20,unverified,LOW
T053,2026,2026,2026,-10.59,-10.59,"Sentinel-2B, Sentinel-2C",20,unverified,LOW
T054,1985,1985,1987,202.63,202.63,landsat-5,30,unverified,LOW
T054,1990,1990,1990,-6.93,-6.93,landsat-5,30,unverified,LOW
T054,2000,2000,2000,0.77,0.77,"landsat-5, landsat-7",30,unverified,LOW
T054,2010,2010,2009,-6.93,-6.93,landsat-5,30,unverified,LOW
T054,2017,2017,2017,2.31,2.31,Sentinel-2A,20,unverified,LOW
T054,2018,2018,2018,2.07,2.07,"Sentinel-2A, Sentinel-2B",20,unverified,LOW
T054,2019,2019,2019,2.31,2.31,"Sentinel-2A, Sentinel-2B",20,unverified,LOW
T054,2020,2020,2020,2.07,2.07,"Sentinel-2A, Sentinel-2B",20,unverified,LOW
T054,2021,2021,2021,2.31,2.31,"Sentinel-2A, Sentinel-2B",20,unverified,LOW
T054,2022,2022,2022,-11.55,-11.55,"Sentinel-2A, Sentinel-2B",20,unverified,LOW
T054,2023,2023,2023,-16.42,-16.42,"Sentinel-2A, Sentinel-2B",20,unverified,LOW
T054,2024,2024,2024,-22.74,-22.74,"Sentinel-2A, Sentinel-2B",20,unverified,LOW
T054,2025,2025,2025,-15.52,-15.52,"Sentinel-2A, Sentinel-2C",20,unverified,LOW
T054,2026,2026,2026,2.07,2.07,"Sentinel-2B, Sentinel-2C",20,unverified,LOW
T055,1985,1985,1987,150.73,150.73,landsat-5,30,unverified,LOW
T055,1990,1990,1990,-0.36,-0.36,landsat-5,30,unverified,LOW
T055,2000,2000,2000,10.26,10.26,"landsat-5, landsat-7",30,unverified,LOW
T055,2010,2010,2009,5.74,5.74,landsat-5,30,unverified,LOW
T055,2017,2017,2017,-2.29,-2.29,Sentinel-2A,20,unverified,LOW
T055,2018,2018,2018,-6.25,-6.25,"Sentinel-2A, Sentinel-2B",20,unverified,LOW
T055,2019,2019,2019,-2.29,-2.29,"Sentinel-2A, Sentinel-2B",20,unverified,LOW
T055,2020,2020,2020,-4.47,-4.47,"Sentinel-2A, Sentinel-2B",20,unverified,LOW
T055,2021,2021,2021,-2.29,-2.29,"Sentinel-2A, Sentinel-2B",20,unverified,LOW
T055,2022,2022,2022,-9.07,-9.07,"Sentinel-2A, Sentinel-2B",20,unverified,LOW
T055,2023,2023,2023,-7.78,-7.78,"Sentinel-2A, Sentinel-2B",20,unverified,LOW
T055,2024,2024,2024,-16.58,-16.58,"Sentinel-2A, Sentinel-2B",20,unverified,LOW
T055,2025,2025,2025,-5.8,-5.8,"Sentinel-2A, Sentinel-2C",20,unverified,LOW
T055,2026,2026,2026,-7.78,-7.78,"Sentinel-2B, Sentinel-2C",20,unverified,LOW
T056,1985,1985,1987,78.31,78.31,landsat-5,30,unverified,LOW
T056,1990,1990,1990,2.62,2.62,landsat-5,30,unverified,LOW
T056,2000,2000,2000,5.76,5.76,"landsat-5, landsat-7",30,unverified,LOW
T056,2010,2010,2009,4.4,4.4,landsat-5,30,unverified,LOW
T056,2017,2017,2017,4.14,4.14,Sentinel-2A,20,unverified,LOW
T056,2018,2018,2018,-1.57,-1.57,"Sentinel-2A, Sentinel-2B",20,unverified,LOW
T056,2019,2019,2019,4.14,4.14,"Sentinel-2A, Sentinel-2B",20,unverified,LOW
T056,2020,2020,2020,5.59,5.59,"Sentinel-2A, Sentinel-2B",20,unverified,LOW
T056,2021,2021,2021,4.14,4.14,"Sentinel-2A, Sentinel-2B",20,unverified,LOW
T056,2022,2022,2022,-9.55,-9.55,"Sentinel-2A, Sentinel-2B",20,unverified,LOW
T056,2023,2023,2023,-7.96,-7.96,"Sentinel-2A, Sentinel-2B",20,unverified,LOW
T056,2024,2024,2024,-15.91,-15.91,"Sentinel-2A, Sentinel-2B",20,unverified,LOW
T056,2025,2025,2025,-8.03,-8.03,"Sentinel-2A, Sentinel-2C",20,unverified,LOW
T056,2026,2026,2026,-7.96,-7.96,"Sentinel-2B, Sentinel-2C",20,unverified,LOW
T057,1985,1985,1987,19.97,19.97,landsat-5,30,unverified,LOW
T057,1990,1990,1990,0.89,0.89,landsat-5,30,unverified,LOW
T057,2000,2000,2000,0.89,0.89,"landsat-5, landsat-7",30,unverified,LOW
T057,2010,2010,2009,0.89,0.89,landsat-5,30,unverified,LOW
T057,2017,2017,2017,10.91,10.91,Sentinel-2A,20,unverified,LOW
T057,2018,2018,2018,-9.13,-9.13,"Sentinel-2A, Sentinel-2B",20,unverified,LOW
T057,2019,2019,2019,10.91,10.91,"Sentinel-2A, Sentinel-2B",20,unverified,LOW
T057,2020,2020,2020,-9.13,-9.13,"Sentinel-2A, Sentinel-2B",20,unverified,LOW
T057,2021,2021,2021,10.91,10.91,"Sentinel-2A, Sentinel-2B",20,unverified,LOW
T057,2022,2022,2022,-9.13,-9.13,"Sentinel-2A, Sentinel-2B",20,unverified,LOW
T057,2023,2023,2023,-9.13,-9.13,"Sentinel-2A, Sentinel-2B",20,unverified,LOW
T057,2024,2024,2024,-9.13,-9.13,"Sentinel-2A, Sentinel-2B",20,unverified,LOW
T057,2025,2025,2025,-9.13,-9.13,"Sentinel-2A, Sentinel-2C",20,unverified,LOW
T057,2026,2026,2026,-9.13,-9.13,"Sentinel-2B, Sentinel-2C",20,unverified,LOW
T058,1985,1985,1987,7.67,7.67,landsat-5,30,unverified,LOW
T058,1990,1990,1990,7.67,7.67,landsat-5,30,unverified,LOW
T058,2000,2000,2000,7.67,7.67,"landsat-5, landsat-7",30,unverified,LOW
T058,2010,2010,2009,7.67,7.67,landsat-5,30,unverified,LOW
T058,2017,2017,2017,17.69,17.69,Sentinel-2A,20,unverified,LOW
T058,2018,2018,2018,-2.35,-2.35,"Sentinel-2A, Sentinel-2B",20,unverified,LOW
T058,2019,2019,2019,17.69,17.69,"Sentinel-2A, Sentinel-2B",20,unverified,LOW
T058,2020,2020,2020,17.69,17.69,"Sentinel-2A, Sentinel-2B",20,unverified,LOW
T058,2021,2021,2021,17.69,17.69,"Sentinel-2A, Sentinel-2B",20,unverified,LOW
T058,2022,2022,2022,-2.35,-2.35,"Sentinel-2A, Sentinel-2B",20,unverified,LOW
T058,2023,2023,2023,17.69,17.69,"Sentinel-2A, Sentinel-2B",20,unverified,LOW
T058,2024,2024,2024,-2.35,-2.35,"Sentinel-2A, Sentinel-2B",20,unverified,LOW
T058,2025,2025,2025,-2.35,-2.35,"Sentinel-2A, Sentinel-2C",20,unverified,LOW
T058,2026,2026,2026,-2.35,-2.35,"Sentinel-2B, Sentinel-2C",20,unverified,LOW
